DQICIGYHANNSTEQVDTIMEKNVTVTHAQDILEKTHNGKLCDLDGVKPLILRDCSVAGWLLGNPMCDEFLNVPEWSYIVEKINPANDLCYPGNFNDYEELKHLLSRINHFEKIQIIPKSSWSDHEASAGVSSACPYQGRSSFFRNVVWLIKKDNAYPTIKRSYNNTNQEDLLVLWGIHHPNDAAEQTRLYQNPTTYISVGTSTLNQRLVPKIATRSKVNGQSGRMEFFWTILKPNDAINFESNGNFIAPENAYKIVKKGDSTIMKSELEYGNCNTKCQTPIGAINSSMPFHNIHPLTIGECPKYVKSSRLVLATGLRNS,A/TURKEY/TURKEY/1/2005_NIBRG-23
DHICIGYHANNSTEQVDTIMEKNVTVTHAQDILEKTHNGKLCDLNGVKPLILKDCSVAGWLLGNPMCDEFINVPEWSYIVEKANPANDLCYPGNFNDYEELKHLLSRINHFEKIQIIPKNSWSDHEASLGVSAACPYQGKSSFFRNVVWLIKKDNAYPTIKKGYNNTNQEDLLVLWGIHHPNDEAEQTRLYQNPTTYISIGTSTLNQRLVPKIATRSKINGQSGRIDFFWTILKPNDAIHFESNGNFIAPEYAYKIVKKGDSTIMKSEVEYGNCNTRCQTPIGAINSSMPFHNIHPLTIGECPKYVKSNKLVLATGLRNS,A/HUBEI/1/2010_(IDCDC-RG30)
DHICIGYHANNSTKQVDTIMEKNVTVTHAQDILEKTHNGKLCDLNGVKPLILKDCSVAGWLLGNPMCDEFINVPEWSYIVEKANPANGLCYPGNFNDYEELKHLLSRINHFEKIRIIPKDSWSDHEASLGVSAACPYQGNSSFFRNVVWLIKKDNTYPTIKKSYNNTNQEDLLILWGIHHPNDEAEQTRLYQNPTTYISIGTSTLNQRLVPKIATRSKINGQSGRIDFFWTILKPNDAIHFESNGNFIAPEYAYKIVKKGDSTIMKSEVEYGNCNTRCQTPIGAINSSMPFHNIHPLTIGECPKYVKSNKLVLATGLRNS,A/DUCK/BANGLADESH/19097/2013_(SJ007)
DHICIGYHANNSTEQVDTIMEKNVTVTHAQDILEKTHNGKLCDLNGVKPLILKDCSVAGWLLGNPMCDEFIDVPEWSYIVEKANPANDLCYPGNFNDYEELKHLLSRINHFEKIRIIPKDSWPDHEASLGVSAACSYQGNSSFFRNVVWLLKKDNAYPIIKKSYNNTNKEDLLVLWGIHHPNDEAEQTRLYQNPTTYVSIGTSTLNQRLVPRIATRSKVNGQSGRIDFFWTILKPNDAINFESNGNFIAPEYAYKIVKKGDSTIMRSEVEYGNCSTRCQTPMGAINSSMPFHNIHPLTIGECPKYVKSNKLVLATGLRNS,A/BARN_SWALLOW/HONG_KONG/D10-1161/2010_(SJ003)
DQICIGYHANNSTEQVDTIMEKNVTVTHAQDILEKTHNGKLCDLDGVKPLILRDCSVAGWLLGNPMCDKFNDVPEWSYIVEKANPANDLCYPGNLNDYEELKHLLSRINHFEKIQIFPKSSWSDHEASLGVSAACPYQGMPSFFRNVVWLIKKNNTYPTIKSSYNNTNQEDLLILWGIHHSNDEAEQTKLYQNSNTYISVGTSTLNQRLVPKIATRSKVNGQSGRMDFFWTILKPNDAINFESNGNFIAPEYAYKIVKKGDSAIMKSEVGYGDCNTKCQTPIGAINSSMPFHNIHPLTIGECPKYVKSNKLVLATGLRNS,A/PEREGRINE_FALCON/HONG_KONG/2142/2008_(H5N1)
DHICIGYHANNSTEQVDTIMEKNVTVTHAQDILEKTHNGKLCDLNGVKPLILKDCSVAGWLLGNPMCDEFIDVPEWSYIVEKANPANDLCYPGNFNDYEELKHLLSRINHFEKIRIIPKDSWPDHEASLGVSAACSYQGNSSFFRNVVWLLKKDNAYPIIKKSYNNTNKEDLLVLWGIHHPNDEAEQTRLYQNPTTYVSIGTSTLNQRLVPRIATRSKVNGQSGRIDFFWTILKPNDAINFESNGNFIAPEYAYKIVKKGDSTIMRSEVEYGNCSTRCQTPMGAINSSMPFHNIHPLTIGECPKYVKSNKLVLATGLRNS,A/BARN_SWALLOW/HONG_KONG/1161/2010_(SJ003)
DQICIGYHANNSTEQVDTIMEKNVTVTHAQDILEKTHNGKLCDLDGVKPLILRDCSVAGWLLGNPMCDEFINVPEWSYIVEKANPTNDLCYPGSFNDYEELKHLLSRINHFEKIQIIPKSSWSDHEASSGVSSACPYLGSPSFFRNVVWLIKKNSTYPTIKKSYNNTNQEDLLVLWGIHHPNDAAEQTRLYQNPTTYISIGTSTLNQRLVPKIATRSKVNGQSGRMEFFWTILKPNDAINFESNGNFIAPEYAYKIVKKGDSAIMKSELEYGNCNTKCQTPMGAINSSMPFHNIHPLTIGECPKYVKSNRLVLATGLRNS,A/INDONESIA/5/2005
DQICIGYHANNSTEQVDTIMEKNVTVTHAQDILEKTHNGKLCDLDGVKPLILRDCSVAGWLLGNPMCDEFINVPEWSYIVEKANPTNDLCYPGSFNDYEELKHLLSRINHFEKIQIIPKSSWSDHEASSGVSSACPYLGSSSFFRNVVWLIKKNSTYPTIKKSYNNTNQEDLLVLWGIHHPNDAAEQTRLYQNPTTYISIGTSTLNQRLVPKIATRSKVNGQSGRMEFFWTILKPNDAINFESNGNFIAPEYAYKIVKKGDSAIMKSELEYGNCNTKCQTPMGAINSSMPFHNIHPLTIGECPKYVKSNRLVLATGLRNS,A/INDONESIA/6/2005
DHICIGYHANNSTEQVDTIMEKNVTVTHAQDILEKTHNGKLCDLNGVKPLILKDCSVAGWLLGNPMCDEFINVPEWSYIVEKANPANDLCYPGNFNDYEELKHLLSRINHFEKIQIIPKNSWSDHEASLGVSAACPYQGKSSFFRNVVWLIKKDNAYPTIKKGYNNTNQEDLLVLWGIHHPNDEAEQTRLYQNPTTYISIGTSTLNQRLVPKIATRSKINGQSGRIDFFWTILKPNDAIHFESNGNFIAPEYAYKIVKKGDSTIMKSEVEYGNCNTRCQTPIGAINSSMPFHNIHPLTIGECPKYVKSNKLVLATGLRNS,A/HUBEI/1/2010_(RG30)
DHICIGYHANNSTKQVDTIMEKNVTVTHAQDILEKTHNGKLCDLNGVKPLILKDCSVAGWLLGNPMCDEFINVPEWSYIVEKANPANGLCYPGNFNDYEELKHLLSRINHFEKIRIIPKDSWSDHEASLGVSAACPYQGNSSFFRNVVWLIKKDNTYPTIKKSYNNTNQEDLLILWGIHHPNDEAEQTRLYQNPTTYISIGTSTLNQRLVPKIATRSKINGQSGRIDFFWTILKPNDAIHFESNGNFIAPEYAYKIVKKGDSTIMKSEVEYGNCNTRCQTPIGAINSSMPFHNIHPLTIGECPKYVKSNKLVLATGLRNS,A/DUCK/BANGLADESH/19097/2013
DHICIGYHANNSTEQVDTIMEKNVTVTHAQDILEKTHNGKLCDLNGVKPLILKDCSVAGWLLGNPMCDEFIDVPEWSYIVEKANPANDLCYPGNFNDYEELKHLLSRINHFEKIRIIPKDSWPDHEASLGVSAACSYQGNSSFFRNVVWLLKKDNAYPIIKKSYNNTNKEDLLVLWGIHHPNDEAEQTRLYQNPTTYVSIGTSTLNQRLVPRIATRSKVNGQSGRIDFFWTILKPNDAINFESNGNFIAPEYAYKIVKKGDSTIMRSEVEYGNCSTRCQTPMGAINSSMPFHNIHPLTIGECPKYVKSNKLVLATGLRNS,A/BARN_SWALLOW/HONG_KONG/1161/2010
DQICIGYHANNSTEQVDTIMEKNVTVTHAQDILEKKHNGKLCDLDGVKPLILRDCSVAGWLLGNPMCDEFINVPEWSYIVEKANPVNDLCYPGDFNDYEELKHLLSRINHFEKIQIIPKSSWSSHEASLGVSSACPYQGKSSFFRNVVWLIKKNSTYPTIKRSYNNTNQEDLLVLWGIHHPNDAAEQTKLYQNPTTYISVGTSTLNQRLVPRIATRSKVNGQSGRMEFFWTILKPNDAINFESNGNFIAPEYAYKIVKKGDSTIMKSELEYGNCNTKCQTPMGAINSSMPFHNIHPLTIGECPKYVKSNRLVLATGLRNS,A/VIET_NAM/1203/2004_(VN/1203)
DQICIGYHANNSTEQVDTIMEKNVTVTHAQDILEKTHNGKLCDLDGVKPLILRNCSVAGWLLGNPMCDEFLNVPEWSYIVEKINPANDLCYPGNFNDYEELKHLLSRINHFEKIQIIPKSSWSDHEASSGVSSACPYQGRSSFFRNVVWLIKKDNAYPTIKRSYNNTNQEDLLVLWGIHHPNDAAEQTRLYQNPTTYISVGTSTLNQRLVPKIATRSKVNGQSGRMEFFWTILKPNDAINFESNGNFIAPENAYKIVKKGDSTIMKSELEYGNCNTKCQTPIGAINSSMPFHNIHPLTIGECPKYVKSNRLVLATGLRNS,A/WHOOPER_SWAN/MONGOLIA/244/2005_(MG/244)
DQICIGYHANNSTEQVDTIMEKNVTVTHAQDILEKTHNGKLCDLDGVKPLILRDCSVAGWLLGNPMCDEFINVPEWSYIVEKANPANDLCYPGNFNDYEELKHLLSRINHFEKIQIIPKSSWSDHEASSGVSSTCPYQGTPSFFRNVVWLIKKNNTYPTIKRSYNNTNQEDLLILWGIHHSNDAAEQTKLYQNPTTYISVGTSTLNQRLVPKIATKSKVNGQSGKMDFFWTILKPNDAINFESNGNFIAPEYAYKIVKKGDSAIVKSEVEYGNCNTKCQTPIGAINSSMPFHNIHPLTIGECPKYVKSNKLVLATGLRNS,A/ANHUI/1/2005_(ANH/1)
DQICIGYHANNSTEQVDTIMEKNVTVTHAQDILEKTHNGKLCNLDGVKPLILKDCSVAGWLLGNPMCDEFLNVSEWSYIVEKASPANGLCYPGDFNDYEELKHLLSRINHLKKIKIIPKSYWSNHEASSGVSAACSYLGEPSFFRNVVWLIKKNNTYPPIKVNYTNTNQEDLLVLWGIHHPNDEKEQIRIYQNPNTSISVGTSTLNQRLVPKIATRPKVNGQSGRMEFFWTILKPNDSINFDSNGNFIAPEYAYKIAKKGDSVIMKSELEYGNCNTKCQTPMGAINSSMPFHNIHPLTIGECPKYVKSNRLVLATGLRNA,A/CHICKEN/VIET_NAM/NCVD-016/2008_(CK/VN)
DQICIGYHANNSTEQVDTIMEKNVTVTHAQDILEKTHNGKLCDLDGVKPLILRDCSVAGWLLGNPMCDEFLNVPEWSYIVEKINPANDLCYPGNFNDYEELKHLLSRINHFEKIQIIPKSSWSNHEASSGVSSACPYHGRSSFFRNVVWLIKKNNAYPTIKRSYNNTNQEDLLVLWGIHHPNDAAEQTKLYQNPTTYISVGTSTLNQRLVPKIATRSKVNGQSGRMEFFWTILKPNDAINFESNGNFIAPENAYKIVKKGDSTIMKSELEYGNCNTKCQTPIGAINSSMPFHNIHPLTIGECPKYVKSNRLILATGLRNS,A/BH_GOOSE/QINGHAI/1A/05_X_PR8
DQICIGYHANNSTEQVDTIMEKNVTVTHAQDILEKTHNGKLCDLDGVKPLILRDCSVAGWLLGNPMCDEFLNVPEWSYIVEKINPANDLCYPGNFNNYEELKHLLSRINHFEKIQIIPKSSWSDHEASSGVSSACPYQGRSSFFRNVVWLIKKDNAYPTIKRSYNNTNQEDLLILWGIHHPNDAAEQTRLYQNPTTYISVGTSTLNQRLVPKIATRSKVNGQSGRMEFFWTILKSNDAINFESNGNFIAPENAYKIVKKGDSTIMKSELEYGNCNTKCQTPIGAINSSMPFHNIHPLTIGECPKYVKSNRLVLATGLRNS,A/EGYPT/321-NAMRU3/2007
DQICIGYHANNSTEQVDTIMEKNVTVTHAQDILEKTHNGKLCDLDGVKPLILRDCSVAGWLLGNPMCDEFINVPEWSYIVEKANPPNDLCYPGNFNDYEELKHLLSRINHFEKIQIIPKSSWSDHEASSGVSSACPYQGRSSFFRNVVWLIKKNSAYPTIKRSYNNTNQEDLLVLWGIHHPNDAAEQTRLYQNPTTYISVGTSTLNQRLVPKIATRSKVNGQSGRMEFFWTILKPNDAISFESNGNFIAPEYAYKIVKKGDSAIMKSELEYGNCNTKCQTPMGAINSSMPFHNIHPLTIGECPKYVKSSRLVLATGLRNS,A/CHICKEN/KOREA/GIMJE/08
DQICIGYHANNSTEQVDTIMEKNVTVTHAQDILEKTHNGKLCDLDGVKPLILRDCSVAGWLLGNPMCDEFINVPEWSYIVEKANPANDLCYPGNFNDYEELKHLLSRINHFEKIQIIPKSSWSDHEASSGVSSTCPYQGTPSFFRNVVWLIKKNNTYPTIKRSYNNTNQEDLLILWGIHHSNDAAEQTKLYQNPTTYISVGTSTLNQRLVPKIATKSKVNGQSGKMDFFWTILKPNDAINFESNGNFIAPEYAYKIVKKGDSAIVKSEVEYGNCNTKCQTPIGAINSSMPFHNIHPLTIGECPKYVKSNKLVLATGLRNS,A/ANHUI/1/05
DQICIGYHANNSTEQVDTIMEKNVTVTHAQDILEKTHNGKLCDLDGVKPLILRDCSVAGWLLGNPMCDEFINVPEWSYIVEKANPANDLCYPGNFNDYEELKHLLSRINHFEKIQIIPKSSWSDHEASSGVSSACPYQGTPSFFRNVVWLIKKNNTYPTIKRSYNNTNQEDLLILWGIHHSNDAAEQTKLYQNPTTYISVGTSTLNQRLVPKIATRSKVNGQSGRMDFFWTILKPNDAINFESNGNFIAPEYAYKIVKKGDSAIIKSEVEYGNCNTKCQTPIGAINSSMPFHNIHPLTIGECPKYVKSNKLVLATGLRNS,A/DUCK/LAOS/3295/06
DQICIGYHANNSTEQVDTIMEKNVTVTHAQDILEKTHNGKLCNLDGVKPLILKDCSVAGWLLGNPMCDEFLNVSEWSYIVEKASPANGLCYPGDFNDYEELKHLLNRITHLKKIKIIPKSYWSNHEASSGVSAACSYMGEPSFFRNVVWLIKKNNTYPPIKVNYTNTNQEDLLVLWGIHHPNNEAEQIQIYQNLITHISVGTSTLNQRLIPKIATRSKVNGQSGRMEFFWTILKPNDSINFDSNGNFIAPEYAY-IVKKGDSAIMKSELEYGNCNTKCQTPMGAINSSMPFHNIHPLTIGECPKYVKSNRLVLATGLRNA,A/CHICKEN/VIET_NAM/NCVD-35/08
DQICIGYHANNSTEQVDTIMEKNVTVTHAQDILEKTHNGKLCDLDGVKPLILRDCSVAGWLLGNPMCDEFINVPEWSYIVEKANPANDLCYPGNFNDYEELKHLLSRINHFEKIQIIPKSSWSDHEASSGVSSTCPYQGTPSFFRNVVWLIKKNNTYPTIKRSYNNTNQEDLLILWGIHHSNDAAEQTKLYQNPTTYISVGTSTLNQRLVPKIATKSKVNGQSGKMDFFWTILKPNDAINFESNGNFIAPEYAYKIVKKGDSAIVKSEVEYGNCNTKCQTPIGAINSSMPFHNIHPLTIGECPKYVKSNKLVLATGLRNS,A/ANHUI/1/2005
DQICIGYHANNSTEQVDTIMEKNVTVTHAQDILEKTHNGKLCNLDGVKPLILRDCSVAGWLLGNPMCDEFLNVPEWSYIVEKINPANDLCYPGNFNDYEELKHLLSRINHFEKIQIIPKSSWSDHEAS-GVSSXCPYQGRSSFFRNVVWLTKKDNAYPTIKRSYNNTNQEDLLVLWGIHHPNDAAEQTRLYQNPTTYISVGTSTLNQRLVPKIATRSKVNGQSGRMEFFWTILKSNDAINFESNGNFIAPENAYKIVKKGDSTIMKSELEYGNCNTKCQTPIGAINSSMPFHNIHPLTIGECPKYVKSNRLVLATGLRNS,A/Egypt/N03072/2010_IDCDC_RG29
DQICIGYHANNSTEQVDTIMEKNVTVTHAQDILEKKHNGKLCDLDGVKPLILRDCSVAGWLLGNPMCDEFINVPEWSYIVEKANPVNDLCYPGDFNDYEELKHLLSRINHFEKIQIIPKSSWSSHEASLGVSSACPYQGKSSFFRNVVWLIKKNSTYPTIKRSYNNTNQEDLLVLWGIHHPNDAAEQTKLYQNPTTYISVGTSTLNQRLVPRIATRSKVNGQSGRMEFFWTILKPNDAINFESNGNFIAPEYAYKIVKKGDSTIMKSELEYGNCNTKCQTPMGAINSSMPFHNIHPLTIGECPKYVKSNRLVLATGLRNS,A/VIET_NAM/1203/2004
DQICIGYHANNSTEQVDTIMEKNVTVTHAQDILEKTHNGKLCDLDGVRPLILRDCSVAGWLLGNPMCDEFINVPEWSYIVEKANPVNDLCYPGVFNDYEELKHLLSRINHFEKIQIIPKSSWPSHEASLGVSAACPYQGQSSFFRNVVWLIKKNSTYPTIKRSYNNTNQEDLLVMWGIHHPNDAAEQTKLYQNPTTYISVGTSTLNQRLTPRIATRSKVNGQSGRMEFFWTILKPNDAINFESNGNFIAPEYAYKIVKKGDSTIMRSELEYGNCNTKCQTPMGAINSSMPFHNIHPLTIGECPKYVKSTRLVLATGLRNS,A/CAMBODIA/W0526301/2012
DQICIGYHANNSTEQVDTIMEKNVTVTHAQDILEKTHNGKLCDLDGVKPLILRDCSVAGWLLGNPMCDEFINVPEWSYIVEKANPANDLCYPGNFNDYEELKHLLSRINHFEKIQIIPKSSWSDHEASSGVSSACPYQGTPSFFRNVVWLIKKNNTYPTIKRSYNNTNQEDLLILWGIHHSNDAAEQTKLYQNPTTYISVGTSTLNQRLVPKIATRSKVNGQSGRMDFFWTILKPNDAINFESNGNFIAPEYAYKIVKKGDSAIIKSEVEYGNCNTKCQTPIGAINSSMPFHNIHPLTIGECPKYVKSNKLVLATGLRNS,A/DUCK/LAOS/3295/2006
DHICIGYHANNSTEQVDTIMEKNVTVTHAQDILEKTHNGKLCDLNGVKPLILKDCSVAGWLLGNPLCDEFTNVPEWSYIVEKANPANDLCYPGNFNDYEELKHLLSRINHFEKIQIIPKDSWSDHEASLGVSAACSYQGNSSFFRNVVWLIKKNNAYPTIKKGYNNTNREDLLILWGIHHPNDEAEQTRLYQNPTTYISIGTSTLNQRLVPKVATRSKINGQSGRIDFFWTILKPNDTIHFESNGNFIAPEYAYKIVKKGDSTIMRSEVEYGNCNTRCQTPIGAINSSMPFHNIHPLTIGECPKYVKSNKLVLATGLRNS,A/CHICKEN/VIET_NAM/NCVD-14-A324/2014
DQICIGYHANNSTELVDTIMEKNVTVTHAQDILEKTHNGKLCDLDGVKPLILRDCSVAGWLLGNPMCDEFINVPEWSYIVEKANPANDLCYPGDFNDYEELKHLLSRINHFEKIQIIPKSSWPNHEASSGVSSACPYQGKSSFFRNVVWLIKKNSAYPTIKRSYNNTNQEDLLVLWGIHHPNDAAEQTKLYQNPTTYISVGTSTLNQRLVPKIATRSKVNGQSGRMEFFWTILKPNDAINFESNGNFIAPEYAYKIVKKGDSAIMKSELEYGNCNTKCQTPLGAINSSMPFHNIHPLTIGECPKYVKSNRLVLATGLRNT,A/HONG_KONG/6841/2010
DHICIGYHANNSTEQVDTIMEKNVTVTHAQDILEKTHNGKLCDLNGVKPLILKDCSVAGWLLGNPLCDEFTNVPEWSYIVEKANPANDLCYPGNFNDYEELKHLLSRINHFEKIQIIPKDSWSNHEASLGVSAACSYQGNSSFFRNVVWLIKKDNAYPTIKKDYNNTNREDLLILWGIHHPNDEAEQIRLYQNPTTYISIGTSTLNQRLVPKIATRSKINGQSGRIDFFWTILKPNDAIHFESNGNFIAPEYAYKIVKKGDSTIMRSEVEYGNCNTRCQTPIGAINSSMPFHNIHPLTIGECPKYVKSNKLVLATGLRNS,A/DUCK/VIET_NAM_/NCVD-2848/2013
DQICIGYHANNSTEQVDTIMEKNVTVTHAQDILEKKHNGKLCDLDGVKPLILRDCSVAGWLLGNPMCDEFINVPEWSYIVEKANPVNDLCYPGDFNDYEELKHLLSRINHFEKIQIIPKSSWSSHEASLGVSSACPYQGKSSFFRNVVWLIKKNSTYPTIKRSYNNTNQEDLLVLWGIHHPNDAAEQTKLYQNPTTYISVGTSTLNQRLVPRIATRSKVNGQSGRMEFFWTILKPNDAINFESNGNFIAPEYAYKIVKKGDSTIMKSELEYGNCNTKCQTPMGAINSSMPFHNIHPLTIGECPKYVKSNRLVLATGLRNS,A/VIETNAM/1203/04
DQICIGYHANNSTEQVDTIMEKNVTVTHAQDILEKTHNGKLCDLDGVKPLILRDCSVAGWLLGNPMCDEFINVPEWSYIVEKANPVNDLCYPGDFNDYEELKHLLSRINHFEKIQIIPKSSWSSHEVSLGVSSACPYQGKSSFFRNVVWLIKKNSTYPTIKRSYNNTNQEDLLVLWGIHHPNDAAEQTKLYQNPTTYISVGTSTLNQRLVPRIATRSKVNGQSGRMEFFWTILKPNDAINFESNGNFIAPEYAYKIVKKGDSTIMKSELEYGNCNTKCQTPMGAINSSMPFHNIHPLTIGECPKYVKSNRLVLATGLRNS,A/THAILAND/16/04
DQICIGYHANNSTEQVDTIMEKNVTVTHAQDILEKTHNGKLCDLDGVKPLILRDCSVAGWLLGNPMCDEFINVPEWSYIVEKANPTNDLCYPGSFNDYEELKHLLSRINHFEKIQIIPKSSWSDHEASSGVSSACPYLGSPSFFRNVVWLIKKNSTYPTIKKSYNNTNQEDLLVLWGIHHPNDAAEQTRLYQNPTTYISIGTSTLNQRLVPKIATRSKVNGQSGRMEFFWTILKPNDAINFESNGNFIAPEYAYKIVKKGDSAIMKSELEYGNCNTKCQTPMGAINSSMPFHNIHPLTIGECPKYVKSNRLVLATGLRNS,A/INDONESIA/5/05
DQICIGYHANNSTEQVDTIMEKNVTVTHAQDILEKTHNGKLCDLDGVKPLILRDCSVAGWLLGNPMCDEFINVPEWSYIVEKANPANGLCYPGNFNDYEELKHLLSRINHFEKLQIIPKSSWSDHEASLGVSSACPYLGRSSFFRNVVWLIKKNNTYPTIKRSYNNTNQEDLLVLWGLHHPNDAAEQTRLYQNPTTYISVGTSTLNQRLVPKIATRSKVNGQSGRMEFFWTILKPNDAINFESNGNFIAPEYAYKIVKKGDSAIMKSELEYGDCNTKCQTPMGAINSSMPFHNIHPLTIGECPKYVKSNRLVLATGLRNS,A/INDONESIA/CDC625/06*
DHICIGYHANNSTEQVDTIMEKNVTVTHAQDILEKTHNGKLCDLNGVKPLILKDCSVAGWLLGNPSCDEFINVPEWSYIVEKANPANDLCYPGNFNDYEELKHLLSRINHFEKIQIIPKNSWSDHEASLGVSAACSYQGNSSFFRNVVWLIKKDNAYPTIKKGYNNTNQEDLLVLWGIHHPNDEAEQTRLYQNPTTFISIGTSTLNQRLVPKIATRSKINGQSGRIDFFWTILKPNDAIHFESNGNFIAPEYAYKIVKKGDSTIMKSEVEYGNCNTRCQTPIGAINSSMPFHDIHPLTIGECPKYVKSNKLVLATGLRNS,A/B-H_GS/QINGHAI/1/05
DQICIGYHANNSTEQVDTIMEKNVTVTHAQDILEKTHNGKLCDLDGVKPLILRDCSVAGWLLGNPMCDEFLNVPEWSYIVEKINPANDLCYPGNFNDYEELKHLLSRINHFEKIQIIPKSSWSDHEASAGVSSACPYQGRSSFFRNVVWLIKKDNAYPTIKRSYNNTNQEDLLVLWGIHHPNDAAEQTRLYQNPTTYISVGTSTLNQRLVPKIATRSKVNGQSGRMEFFWTILKPNDAINFESNGNFIAPENAYKIVKKGDSTIMKSELEYGNCNTKCQTPIGAINSSMPFHNIHPLTIGECPKYVKSSRLVLATGLRNS,A/TURKEY/TURKEY/1/05
DQICIGYHANNSTEQVDTIMEKNVTVTHAQDILEKTHNGKLCDLDGVKPLILRDCSVAGWLLGNPMCDEFINVPEWSYIVEKANPANDLCYPGNFNDYEELKHLLSRINHFEKIQIIPKSSWSDHEASSGVSSACPYQGKSSFFRNVVWLIKKNNAYPTIKRSYNNTNQEDLLVLWGIHHPNDAAEQTKLYQNPTTYISVGTSTLNQRLVPKIATRSKVNRQSGRMDXFWTILKPNDAINFESNGNFIAPEYAYKIVKKGDSAIMKSEVEYGNCNTKCQTPMGAINSSMPFHNIHPLTIGECPKYVKSNKLVLATGLRNS,A/DUCK/HUNAN/15/04
DQICIGYHANNSTEQVDTIMEKNVTVTHAQDILEKTHNGKLCDLDGVKLLILRDCSVAGWLLGNPMCDEFINVPEWSYIVEKANPANDLCYPGNFNDYEELKHLLSRINHFEKIQIIPKSSWSDHEASSGGSSACPYQGTPSFFRNVVWLIKKNNTYPTIKRSYNNTNQEDLLILWGIHHSNDAAEQTKLYQNPTTYISVGTSTLNQRLVPKIATRSKVNGQSGRMDFFWTILKPNDAINFESNGNFIAPEYAYKIVKKGDSAIMKSEVEYGNCNTKCQTPIGAINSSMPFHNIHPLTIGECPKYVKSNKLVLATGLRNS,A/GUANGXI/1/05
DQICIGYHANNSTEQVDTIMEKNVTVTHAQDILEKTHNGKLCDLDGVKPLILRDCSVAGWLLGNPMCDEFINVPEWSYIVEKANPSNDLCYPGNFNDYEELKHLLSRINHFEKIQIIPKSSWSDHEASSGVSSACPYQGRSSFFRNVVWLITKNSAYPTIKRSYNNTNQEDLLVLWGIHHPNDAAEQTRLYQNPTTYISVGTSTLNQRLVPKIATRSKVNGQSGRMEFFWTILKPNDAISFESNGNFIAPEYAYKIVKKGDSAIMKSELEYGNCNTKCQTPMGAINSSMPFHNIHPLTIGECPKYVKSSRLVLATGLRNS,A/CHICKEN/KUMAMOTO/1-7/2014
DHICIGYHANNSTEQVDTIMEKNVTVTHAQDILEKTHNGKLCDLNGVKPLILKDCSVAGWLLGNPLCDEFTNVPEWSYIVEKANPANDLCYPGNFNDYEELKHLLSRINHFEKIQIIPKDSWSDHEASLGVSAACSYQGNSSFFRNVVWLIKKDNAYPTIKKDYNNTNREDLLVLWGIHHPNDEAEQTRLYQNPTTYISIGTSTLNQRLVPKIATRSKINGQRGRIDFFWTILKPNDAIHFESNGNFIAPEYAYKIVKKGDSTIMRSEVEYGNCNTRCQTPIGAINSSMPFHNIHPLTIGECPKYVKSNKLVLATGLRNS,A/CK/VN/NCVD-15A59/2015
DHICIGYHANNSTEQVDTIMEKNVTVTHAQDILEKTHNGKLCDLNGVKPLILKDCSVAGWLLGNPMCDEFIDVPEWSYIVEKANPANDLCYPGNFNDYEELKHLLSRINHFEKIRIIPKDSWPDHEASLGVSAACSYQGNSSFFRNVVWLLKKDNAYPIIKKSYNNTNKEDLLVLWGIHHPNDEAEQTRLYQNPTTYVSIGTSTLNQRLVPRIATRSKVNGQSGRIDFFWTILKPNDAINFESNGNFIAPEYAYKIVKKGDSTIMRSEVEYGNCSTRCQTPMGAINSSMPFHNIHPLTIGECPKYVKSNKLVLATGLRNS,A/B_SWALLOW/HONG_KONG/1161/2010_SJ003_(BS)
DQICIGYHANNSTEQVDTIMEKNVTVTHAQDILEKKHNGKLCDLDGVKPLILRDCSVAGWLLGNPMCDEFINVPEWSYIVEKANPVNDLCYPGDFNDYEELKHLLSRINHFEKIQIIPKSSWSSHEASLGVSSACPYQGKSSFFRNVVWLIKKNSTYPTIKRSYNNTNQEDLLVLWGIHHPNDAAEQTKLYQNPTTYISVGTSTLNQRLVPRIATRSKVNGQSGRMEFFWTILKPNDAINFESNGNFIAPEYAYKIVKKGDSTIMKSELEYGNCNTKCQTPMGAINSSMPFHNIHPLTIGECPKYVKSNRLVLATGLRNS,A/VIETNAM/1203/2004
DQICIGYHANNSTEQVDTIMEKNVTVTHAQDILEKTHNGKLCDLDGVKPLILRNCSVAGWLLGNPMCDEFLNVPEWSYIVEKINPANDLCYPGNFNDYEELKHLLSRINHFEKIQIIPKSSWSDHEASSGVSSACPYQGRSSFFRNVVWLIKKDNAYPTIKRSYNNTNQEDLLVLWGIHHPNDAAEQTRLYQNPTTYISVGTSTLNQRLVPKIATRSKVNGQSGRMEFFWTILKPNDAINFESNGNFIAPENAYKIVKKGDSTIMKSELEYGNCNTKCQTPIGAINSSMPFHNIHPLTIGECPKYVKSNRLVLATGLRNS,A/W_SWAN/MONGOLIA/244/2005
DQICIGYHANNSTEQVDTIMEKNVTVTHAQDILEKTHNGKLCDLDGVKPLILRDCSVAGWLLGNPMCDEFLNVPEWSYIVEKINPANDLCYPGNFNDYEELKHLLSRINHFEKIQIIPKSSWSDHEASAGVSSACPYQGRSSFFRNVVWLIKKDNAYPTIKRSYNNTNQEDLLVLWGIHHPNDAAEQTRLYQNPTTYISVGTSTLNQRLVPKIATRSKVNGQSGRMEFFWTILKPNDAINFESNGNFIAPENAYKIVKKGDSTIMKSELEYGNCNTKCQTPIGAINSSMPFHNIHPLTIGECPKYVKSSRLVLATGLRNS,A/TURKEY/TURKEY/1/2005
DQICIGYHANNSTEQVDTIMEKNVTVTHAQDILEKTHNGKLCNLDGVKPLILRDCSVAGWLLGNPMCDEFLNVPEWSYIVEKINPANDLCYPGNFNDYEELKHLLSRINHFEKIQIIPKNSWSDHEAS-GVSSACPYQGRSSFFRNVVWLTKRDNAYPTIKRSYNNTNQEDLLVLWGIHHPNDAAEQXRLYQNPTTYISVGTSTLNQRLVPKIATRSKVNGQXGRMEFFWTILKSNDAINFESNGNFIAPENAYKIVKKGDSTIMKSELEYGNCNTKCQTPIGAINSSMPFHNIHPLTIGECPKYVKSNRLVLATGLRNS,A/EGYPT/394-NAMRU3/2007
DQICIGYHANNSTEQVDTIMEKNVTVTHAQDILEKTHNGKLCDLDGVKPLILRNCSVAGWLLGNPMCDEFLNVPEWSYIVEKINPANDLCYPGNFNDYEELKHLLSRINHFEKIQIIPKSSWSDHEASSGVSSACPYQGRSSFFRNVVWLIKKDNAYPTIKRSYNNTNQEDLLVLWGIHHPNDAAEQTRLYQNPTTYISVGTSTLNQRLVPKIATRSKVNGQSGRMEFFWTILKPNDAINFESNGNFIAPENAYKIVKKGDSTIMKSELEYGNCNTKCQTPIGAINSSMPFHNIHPLTIGECPKYVKSNRLVLATGLRNS,A/WHOOPER_SWAN/MG/244/2005
DQICIGYHANNSTEQVDTIMEKNVTVTHAQDILEKTHNGKLCDLDGVKPLILRDCSVAGWLLGNPMCDEFLNVPEWSYIVEKINPANDLCYPGNFNDYEELKHLLSRINHFEKIQIIPKSSWSDHEASSGVSSACPYQGRSSFFRNVVWLIKKNDAYPTIKRSYNNTNQEDLLVLWGIHHPNDAAEQTRLYQNPTTYISVGTSTLNQRLVPKIATRSKVNGQSGRMEFFWTILKPNDAINFESNGNFIAPENAYKIVKKGDSTIMKSELEYGNCNTKCQTPIGAINSSMPFHNIHPLTIGECPKYVKSNRLVLATGLRNS,A/CHICKEN/INDIA/NIV-33487/2006
DQICIGYHANNSTEQVDTIMEKNVTVTHAQDILEKTHNGKLCNLDGVKPLILKDCSVAGWLLGNPMCDEFLNVSEWSYIVEKASPANGLCYPGDFNDYEELKHLLSRINHLKKIKIIPKSYWSNHEASSGVSAACSYLGEPSFFRNVVWLIKKNNTYPPIKVNYTNTNQEDLLVLWGIHHPNDEKEQIRIYQNPNTSISVGTSTLNQRLVPKIATRPKVNGQSGRMEFFWTILKPNDSINFDSNGNFIAPEYAYKIAKKGDSVIMKSELEYGNCNTKCQTPMGAINSSMPFHNIHPLTIGECPKYVKSNRLVLATGLRNA,A/CHICKEN/VIETNAM/NCVD-016/2008
DQICIGYHANNSTEQVDTIMEKNVTVTHAQDILEKTHNGKLCDLDGVKPLILRDCSVAGWLLGNPMCDEFINVPEWSYIVEKANPVNDLCYPGDFNDYEELKHLLSRINHFEKIQIIPKSSWSSHEVSLGVSSACPYQGKSSFFRNVVWLIKKNSTYPTIKRSYNNTNQEDLLVLWGIHHPNDAAEQTKLYQNPTTYISVGTSTLNQRLVPRIATRSKVNGQSGRMEFFWTILKPNDAINFESNGNFIAPEYAYKIVKKGDSTIMKSELEYGNCNTKCQTPMGAINSSMPFHNIHPLTIGECPKYVKSNRLVLATGLRNS,A/THAILAND/16/2004
DQICIGYHANNSTEQVDTIMEKNVTVTHAQDILEKTHNGKLCDLDGVKPLILRDCSVAGWLLGNPMCDEFINVPEWSYIVEKANPTNDLCYPGSFNDYEELKHLLSRINHFEKIQIIPKSSWSDHEASSGVSSACPYLGSPSFFRNVVWLIKKNSTYPTIKKSYNNTNQEDLLVLWGIHHPNDAAEQTRLYQNPTTYISIGTSTLNQRLVPKIATRSKVNGQSGRMEFFWTILKPNDAINFESNGNFIAPEYAYKIVKKGDSAIMKSELEYGNCNTKCQTPMGAINSSMPFHNIHPLTIGECPKYVKSNRLVLATGLRNS,A/INDONESIA/5/2005_CDC_RG-2
DQICIGYHANNSTEQVDTIMEKNVTVTHAQDILEKTHNGKLCDLDGVKPLILRDCSVAGWLLGNPMCDEFINVPEWSYIVEKANPANGLCYPGNFNDYEELKHLLSRINHFEKLQIIPKSSWSDHEASLGVSSACPYLGRSSFFRNVVWLIKKNNTYPTIKRSYNNTNQEDLLVLWGLHHPNDAAEQTRLYQNPTTYISVGTSTLNQRLVPKIATRSKVNGQSGRMEFFWTILKPNDAINFESNGNFIAPEYAYKIVKKGDSAIMKSELEYGDCNTKCQTPMGAINSSMPFHNIHPLTIGECPKYVKSNRLVLATGLRNS,A/INDONESIA/CDC625/2006
DQICIGYHANNSTEQVDTIMEKNVTVTHAQDILEKTHNGKLCDLDGVKPLILRDCSVAGWLLGNPMCDEFLNVPEWSYIVEKINPANDLCYPGNFNDYEELKHLLSRINHFEKIQIIPKSSWSDHEASAGVSSACPYQGRSSFFRNVVWLIKKDNAYPTIKRSYNNTNQEDLLVLWGIHHPNDAAEQTRLYQNPTTYISVGTSTLNQRLVPKIATRSKVNGQSGRMEFFWTILKPNDAINFESNGNFIAPENAYKIVKKGDSTIMKSELEYGNCNTKCQTPIGAINSSMPFHNIHPLTIGECPKYVKSSRLVLATGLRNS,A/TURKEY/15/2005
DQICIGYHANNSTEQVDTIMEKNVTVTHAQDILEKTHNGKLCDLDGVKPLILRDCSVAGWLLGNPMCDEFLNVPEWSYIVEKINPANDLCYPGNFNDYEELKHLLSRINHFEKIQIIPKSSWSNHEASSGVSSACPYHGRSSFFRNVVWLIKKNNAYPTIKRSYNNTNQEDLLVLWGIHHPNDAAEQTKLYQNPTTYISVGTSTLNQRLVPKIATRSKVNGQSGRMEFFWTILKPNDAINFESNGNFIAPENAYKIVKKGDSTIMKSELEYGNCNTKCQTPIGAINSSMPFHNIHPLTIGECPKYVKSNRLILATGLRNS,A/B-H_GOOSE/QINGHAI/1A/2005_SJRG-163222
DQICIGYHANNSTEQVDTIMEKNVTVTHAQDILEKTHNGKLCDLDGVKPLILRDCSVAGWLLGNPMCDEFLNVPEWSYIVEKINPANDLCYPGNFNDYEELKHLLSRINHFEKIQIIPKSSWSDHEASAGVSSACPYQGRSSFFRNVVWLIKKDNAYPTIKRSYNNTNQEDLLVLWGIHHPNDAAEQTRLYQNPTTYISVGTSTLNQRLVPKIATRSKVNGQSGRMEFFWTILKPNDAINFESNGNFIAPENAYKIVKKGDSTIMKSELEYGNCNTKCQTPIGAINSSMPFHNIHPLTIGECPKYVKSSRLVLATGLRNS,A/TURKEY/TURKEY/1/2005_NIBRG-23_C
DQICIGYHANNSTEQVDTIMEKNVTVTHAQDILEKTHNGKLCDLDGVKPLILRDCSVAGWLLGNPMCDEFINVPEWSYIVEKANPANDLCYPGNFNDYEELKHLLSRINHFEKIQIIPKSSWSDHEASSGVSSACPYQGKSSFFRNVVWLIKKNNAYPTIKRSYNNTNQEDLLVLWGIHHPNDAAEQTKLYQNPTTYISVGTSTLNQRLVPKIATRSKVNRQSGRMDXFWTILKPNDAINFESNGNFIAPEYAYKIVKKGDSAIMKSEVEYGNCNTKCQTPMGAINSSMPFHNIHPLTIGECPKYVKSNKLVLATGLRNS,A/DUCK/HUNANWG/15/2004
DQICIGYHANNSTEQVDTIMEKNVTVTHAQDILEKTHNGKLCDLDGVKLLILRDCSVAGWLLGNPMCDEFINVPEWSYIVEKANPANDLCYPGNFNDYEELKHLLSRINHFEKIQIIPKSSWSDHEASSGGSSACPYQGTPSFFRNVVWLIKKNNTYPTIKRSYNNTNQEDLLILWGIHHSNDAAEQTKLYQNPTTYISVGTSTLNQRLVPKIATRSKVNGQSGRMDFFWTILKPNDAINFESNGNFIAPEYAYKIVKKGDSAIMKSEVEYGNCNTKCQTPIGAINSSMPFHNIHPLTIGECPKYVKSNKLVLATGLRNS,A/GUANGXI/1/2005
DQICIGYHANNSTEQVDTIMEKNVTVTHAQDILEKTHNGKLCDLDGVKPLILRDCSVAGWLLGNPMCDEFINVPEWSYIVEKANPANDLCYPGNLNDYEELKHLLSRINHFEKIQIIPKSSWSDHEASLGVSSACLYLGTPSFFRNVVWLIKKNNTYPTIKRSYNNTNQEDLLILWGIHHSNDEAEQIKLYQNPTTYISVGTSTLNQRLVPKIATRSKVNGQSGRMDFFWTILKPNDAINFESNGNFIAPEYAYKIVKKGDSAIMKSEVEYGNCNTKCQTPIGAINSSMPFHNIHPLTIGECPKYVKSNKLVLATGLRNS,A/MuscovyDuck/Vietnam/Ncvd-038/2008
DHICIGYHANNSTEQVDTIMEKNVTVTHAQDILEKTHNGKLCDLNGVKPLILKDCSVAGWLLGNPMCDEFINVPEWSYIVEKANPANDLCYPGNFNDYEELKHLLSRINHFEKIQIIPKNSWSDHEASLGVSAACPYQGKSSFFRNVVWLIKKDNAYPTIKKGYNNTNQEDLLVLWGIHHPNDEAEQTRLYQNPTTYISIGTSTLNQRLVPKIATRSKINGQSGRIDFFWTILKPNDAIHFESNGNFIAPEYAYKIVKKGDSTIMKSEVEYGNCNTRCQTPIGAINSSMPFHNIHPLTIGECPKYVKSNKLVLATGLRNS,A/Hubei/1/2010
-QICIGYHANNSTEQVDTIMEKNVTVTHAQDILEKTHNGKLCDLDGVKPLILRDCSVAGWLLGNPMCDEFLNVPEWSYIVEKINPANDLCYPGNFNDYEELKHLLSRINHFEKIQIIPKSSWSDHEASSGVSSACPYQGRSSFFRNVVWLIKKDNAYPTIKRSYNNTNQEDLLVLWGIHHPNDAAEQTRLYQNPTTYISVGTSTLNQRLVPKIATRSKVNGQSGRMEFFWTILKSNDAINFESNGNFIAPENAYKIVKKGDSTIMKSELEYGNCNTKCQTPIGAINSSMPFHNIHPLTIGECPKYVKSNRLVLATGLRNS,A/Egret/Egypt/1162-NAMRU3/2006
DQICIGYHANNSTEQVDTIMEKNVTVTHAQDILEKTHNGKLCDLDGVKPLILRDCSVAGWLLGNPMCDEFLNVPEWSYIVEKINPANDLCYPGNFNDYEELKHLLSRINHFEKIQIIPKSSWSDHEASSGVSSACPYQGRSSFFRNVVWLIKKDNAYPTIKRSYNNTNQEDLLVLWGIHHPNDAAEQTRLYQNPTTYISVGTSTLNQRLVPKIATRSKVNGQNGRMEFFWTILKPNDAINFESNGNFIAPENAYKIVKKGDSTIMKSELEYGNCNTKCQTPIGAINSSMPFHNIHPLTIGECPKYVKSNRLVLATGLRNS,A/Turkey/65-596/2006
DQICIGYHANNSTEQVDTIMEKNVTVTHAQDILEKTHNGKLCDLDGVKPLILRDCSVAGWLLGNPMCDEFINVPEWSYIVEKANPANDLCYPGNLNDYEELKHLLSRINHFEKIQIIPKSSWSDHEASLGVSSACPYQGTPSFFRNVVWLIKKNNTYPTIKRSYNNTNQEDLLILWGIHHSNDEAEQIKLYQNPTTYISVGTSTLNQRLVPKIATRSKVNGQRGRMDFFWTILKPDDAINFESNGNFIAPEYAYKIVKKGDSAIMKSEVEYGNCNTKCQTPIGAINSSMPFHNIHPLTIGECPKYVKSNKLVLATGLRNS,A/Chicken/Vietnam/Ncvd-283/2009
DQICIGYHANNSTEQVDTIMEKNVTVTHAQDILEKTHNGKLCDLDGVKPLILRDCSVAGWLLGNPMCDEFINVPEWSYIVEKANPANDLCYPGSFNDYEELKHLLSRINHFEKIQIIPKSSWSDHEASSGVSSACPYLGSPSFFRNVVWIIKKNSTYPTIKKSYNNTNQEDLLVLWGIHHPNDAAEQTRLYQNPTTYISVGTSTLNQRSVPKIATRSKVNGQSGRMEFFWTILKPNDAINFESNGNFIAPEYAYKIVKKGDSAIMKSELEYGNCNTKCQTPMGAINSSMPFHNIHPLTIGECPKYVKSNRLVLATGLRNS,A/Chicken/Wajo/Bbvm/2005
DQICIGYHANNSTEQVDTIMEKNVTVTHAQDILEKTHNGKLCDLDGVKPLILRDCSVAGWLLGNPMCDEFINVPEWSYIVEKANPANDLCYPGNLNDYEELKHLLSRINHFEKIQIIPKSYWSDHEASLGVSSACPYQGTPSFFRNVVWLIKKNNTYPTIKRSYNNTNQEDLLILWGIHHSNDEAEQIKLYQNPTTYISVGTSTLNQRLVPKIATRSKINGQSGRMDFFWTILKPDDAINFESNGNFIAPEYAYKIVKKGDSAIMKSEVEYGNCNTKCQTPIGAINSSMPFHNIHPLTIGECPKYVKSNKLVLATGLRNS,A/Chicken/Vietnam/Ncvd-035/2008
DQICIGYHANNSTEQVDTIMEKNVTVTHAQDILEKTHNGKLCDLDGVKPLILRDCSVAGWLLGNPMCDEFINVPEWSYIVEKANPANDLCYPGNFNDYEELKHLLSRINHFEKIQIIPKSSWSDHEASSGVSSACPYQGKPSFFRNVVWLIKKNNTYPTIKRSYNNTNQEDLLILWGIHHSNDAAEQTKLYQNPTTYISVGTSTLNQRLVPKIATRSKVNGQSGRMDFFWTILKPNDAINFESNGNFIAPEYAYKIVKKGDSAIMKSEVEYGNCNTKCQTPIGAINSSMPFHNIHPLTIGECPKYVKSNKLVLATGLRNS,A/Goose/Shantou/18442/2005
DQICIGYHANNSTEQVDTIMEKNVTVTHAQDILEKTHNGKLCDLDGVKPLILRDCSVAGWLLGNPMCDEFINVPEWSYIVEKANPANDLCYPGNFNDYEELKHLLSRINHFEKIQIIPKSSWSNHEASVGVSSACPYQGSSSFFRNVVWLIKKNNAYPTIKRSYNNTNQEDLLVLWGIHHPNNEAEQTMLYQNPTTYISVGTSTLNQRLVPKIATRSKVNGQSGRMDFFWTILKPNDAINFESNGNFIAPEYAYKIVKKGDSAIMKSEVEYGNCNTRCQTPMGAINSSMPFHNIHPLTIGECPKYVKSNKLVLATGLRNS,A/ChinesePondHeron/HongKong/18/2005
DQICIGYHANNSTKQVDTIMEKNVTVTHAQDILEKTHNGKLCDLDGVKPLILRDCSVAGWLLGNPMCDEFLNVPEWSYIVEKINPANDLCYPGNFNDYEELKHLLSRINHFEKIQIIPKSSWSDHEASSGVSSACPYQGRSSFFRNVVWLIKKDNAYPTIKRSYNNTNQEDLLVLWGIHHPNDEAEQTRLYQNPTTYISVGTSTLNQRLVPKIATRSKVNGQSGRMEFFWTILKPNDAINFESNGNFIAPENAYKIVKKGDSTIMKSELEYGNCNTKCQTPIGAINSSMPFHNIHPLTIGECPKYVKSNRLVLATGLRNS,A/Chicken/Nigeria/So452/2006
DQICIGYHANNSTEQVDTIMEKNVTVTHAQDILEKTHNGKLCDLDGVKPLILRDCSVAGWLLGNPMCDEFINVPEWSYIVEKANPVNDLCYPGDFNDYEELKHLLSRINHFEKIQIIPKSSWPSHEASLGVSAACPYQGKSSFFRNVVWLIKKNNTYPTIKRSYNNTNQEDLLVMWGIHHPNDAAEQTNLYQNPTTYISVGTSTLNQRLTPRIATRSKVNGQSGRMEFFWTILKPNDAINFESNGNFIAPEYAYKIVKKGDSTIMKSELEYGNCNTKCQTPMGAINSSMPFHNIHPLTIGECPKYVKSNRLVLATGLRNS,A/Cambodia/R0405050/2007
DQICIGYHANNSTEQVDTIMEKNVTVTHAQDILEKTHNGKLCDLDGVKPLILRDCSVAGWLLGNPMCDEFINVPEWSYIVEKANPANDLCYPGNFNDYEELKHLLSRINHFEKIQIIPKSSWSDHEASLGVSSACPYQGSSSFFRNVVWLIKKNNAYPTVKKSYNNTNQEDLLVLWGIHHPNDEAEQTRLYQNPTTYISIGTSTLNQRLVPKIATRSKVNGQSGRMDFFWTILKPNDAINFESNGNFIAPEYAYKIVKKGDSAIMKSEVEYGNCNTKCQTPMGAINSSMPFHNIHPLTIGECPKYVKSNKLVLATGLRNS,A/Pheasant/Shantou/2239/2006
DQICIGYHANNSTEQVDTIMEKNVTVTHAQDILEKTHNGKLCDLEGVKPLILRDCSVAGWLLGNPMCDEFLNVPEWSYIVEKANPANDLCYPGNFNDYEELKHLLSRINHFEKIQIIPKSSWSDHEASSGVSAACPYQGKSSFFRNVVWLIKKNSAYPTIKRSYNNTNQENLLVLWGIHHPNDAAEQTRLYQNPTTYISVGTSTLNQRLMPKIATRSRINGQRGRMEFFWTILKPNDAINFESNGNFIAPEYAYKIVKKGDSAIMESELEYGNCNTKCQTPIGAINSSMPFHNIHPLTIGECPKYVKSSRLVLATGLRNS,A/Goose/Shantou/239/2006
DQICIGYHANNSTEQVDTIMEKNVTVTHAQDILEKTHNGKLCDLDGVKPLILRDCSVAGWLLGNPMCDEFINVPEWSYIVEKANPANDLCYPGNFNDYEELKHLLSRINHFEKIQIIPKSSWSDHEASSGVSSACPYQGKSSFFRNVVWLIKKNSAYPTIKRSYNNTNQEDLLVLWGIHHPNDAAEQTRLYQNPTTYISVGTSTLNQRLVPKIATRSKVNGQSGRMEFFWTILKPNDAINFESNGNFIAPEYAYKIVKKGDSAIMKSELEYGNCNTKCQTPMGAINSSMPFHNIHPLTIGECPKYVKSNRLVLATGLRNS,A/Duck/Hunan/795/2002
DQICIGYHANNSTEQVDTIMEKNVTVTHAQDILEKTHNGKLCDLNGVKPLILRDCSVAGWLLGNPMCDEFLNVPEWSYIVEKINPANDLCYPGNFNDYEELKHLLSRINHFEKIQIIPKSSWSNHEASSGVSSACPYQGRSSFFRNVVWLIKKGNAYPTIKISYNNTNQEDLLVLWGIHHPNDAAEQTRLYQNPTTYISVGTSTLNQRLVPKIATRSKVNGQSGRMEFFWTILKSNDAINFESNGNFIAPENAYKIVKKGDSTIMKSELEYGNCNTKCQTPIGAINSSMPFHNIHPLTIGECPKYVKSNRLVLATGLRNS,A/Egypt/3401-NAMRU3/2008
DQICIGYHANNSTEQVDTIMEKNVTVTHAQDILEKTHNGKLCNLDGVKPLILRDCSVAGWLLGNPMCDEFLNVPEWSYIVEKINPANDLCYPGNFNDYEELKHLLSRINHFEKIQIIPKNSWSDHEAS-GMSSACPYQGRSSFFRNVVWLTKKDNAYPTIKRSYNNTNQEDLLVLWGIHHPNDAAEQTRLYQNPTTYISVGTSTLNQRLVPKIATRSKVNGQSGRMEFFWTILKSNDAINFESNGNFIAPENAYKIVKKGDSTIMKSELEYGNCNTKCQTPIGAINSSMPFHNIHPLTIGECPKYVKSNRLVLATGLRNS,A/Egypt/2039-NAMRU3/2009
DQICIGYHANNSTEQVDTIMEKNVTVTHAQDILEKTHNGKLCDLDGVKPLILRDCSVAGWLLGNPMCDEFINVPEWSYIVEKANPANDLCYPGNLNDYEELKHLLSRINHFEKIQIIPKSYWSDHEASLGVSSACPYQGTPSFFRNVVWLIKKNNTYPTIKRSYNNTNQEDLLILWGIHHSNDEAEQIKLYQNPTTYISVGTSTLNQRLVPKIATRSKINGQSGRMDFFWTILKPDDAINFESNGNFIAPEYAYKIVKKGDSAIMKSEVEYGNCNTKCQTPIGAINSSMPFHNIHPLTIGECPKYVKSNKLVLATGLRNS,A/MuscovyDuck/Vietnam/Ncvd-079/2008
DQICIGYHANNSTEQVDTIMEKNVTVTHAQDILEKTHNGKLCDLDGVKPLILRDCSVAGWLLGNPMCDEFINVPEWSYIVEKANPANDLCYPGNFNDYEELKHLLSRINHFEKIQIIPKSTWSDHEASSGVSSACPYQGVPSFFRNVVWLVKKNNTYPTIKRSYNNTNQEDLLILWGIHHSNNAAEQTELYQNPTTYISVGTSTLNQRLVPKIATRSKVNGQSGRMDFFWTILKPNDAINFESNGNFIAPEYAYKIVKKGDSAIMKSEMEYGNCNTKCQTPIGAINSSMPFHNIHPLTIGECPKYVKSNKLVLATGLRNS,A/Chicken/Vietnam/Ncvd-138/2008
DQICIGYHANNSTEQVDTIMEKNVTVTHAQDILEKTHNGKLCDLDGVKPLILRDCSVAGWLLGNPMCDEFINVPEWSYIVEKANPANDLCYPGNFNDYEELKHLLSRINHFEKIQIIPKSSWVDHEASSGVSSACPYQGVPSFFRNVVWLIKKNNTYPTIKRSYNNTNQEDLLILWGIHHSNDAAEQTKLYQNPTTYISVGTSTLNQRLVPKIATRSKVNGQSGRMDFFWTILKPNDAINFESNGNFIAPEYAYKIVKKGDSAIMKSEVEYGNCNTKCQTPIGAINSSMPFHNIHPLTIGECPKYVKSNKLVLATGLRNS,A/Chicken/Vietnam/Ncvd-086/2008
DQICIGYHANNSTEQVDTIMEKNVTVTHAQDILEKTHNGKLCDLDGVKPLILRDCSVAGWLLGNPMCDEFINVPEWSYIVEKANPVNDLCYPGDFNDYEELKHLLSRINHFEKIQIIPKSSWSSHEASLGVSAACPYQGKSSFFRNVVWLIKKNSTYPTIKRSYNNTNQEDLLVMWGIHHPNDAAEQTKLYQNPTTYISVGTSTLNQRLVPRIATRSKVNGQSGRMEFFWTILKPNDAINFESNGNFIAPEYAYKIVKKGDSTIMKSELEYGNCNTKCQTPMGAINSSMPLHNIHPLTIGECPKYVKSNRLVLATGLRNS,A/Vietnam/Jp14/2005
DQICIGYHANNSTEQVDTIMEKNVTVTHAQDILEKTHNGKLCNLDGVKPLILRDCSVAGWLLGNPMCDEFLNVPEWSYIVEKINPANDLCYPGNFNDYEELKHLLSRINHFEKIQIIPKNSWSDHEAS-GVSSACPYQGRSSFFRNVVWLTKRDNAYPTIKRSYNNTNQEDLLVLWGIHHPNDAAEQTRLYQNPTTYISVGTSTLNQRLVPKIATRSKVNGQSGRMEFFWTILKSNDAINFESNGNFIAPENAYKIVKKGDSTIMKSELEYGNCNTKCQTPIGAINSSMPFHNIHPLTIGECPKYVKSNRLVLATGLRNS,A/Egypt/1394-NAMRU3/2007
DQICIGYHANNSTEQVDTIMEKNVTVTHAQDILEKTHNGKLCDLDGVKPLILRDCSVAGWLLGNPMCDEFLNVSEWSYIVEKINPANDLCYPGNFNNYEELKHLLSRINRFEKIQIIPKSSWPDHEASSGVSSACPYQGGPSFYRNVVWLIKKDNAYPTIKKSYHNTNQEDLLVLWGIHHPNDEAEQTRLYQNPTTYISVGTSTLNQRLVPKIATRSKVNGQSGRVEFFWTILKSNDAINFESNGNFIAPENAYKIVKKGDSTIMKSELEYGNCNTKCQTPIGAINSSMPFHNIHPLTIGECPKYVKSNRLVLATGLRNS,A/Chicken/Egypt/9402Namru3/2007
DQICIGYHANNSTEQVDTIMEKNVTVTHAQDILEKTHNGKLCDLDGVKPLILRDCSVAGWLLGNPMCDEFINVPEWSYIVEKANPTNDLCYPGSFNDYEELKHLLSRINHFEKIQIIPKSSWSDHEASSGVSSACPYLGSPSFFRNVVWLIKKNSTYPTIKKSYNNTNQEDLLVLWGIHHPNDAAEQTRLYQNPTTYISIGTSTLNQRLVPKIATRSKVNGQSGRMEFFWTILKPNDAINFESNGNFIAPEYAYKIVKKGDSAIMKSELEYGNCNTKCQTPMGAINSSMPFHNIHPLTIGECPKYVKSNRLVLATGLRNS,A/Indonesia/5/2005_(IND/5)
DQICIGYHANNSTEQVDTIMEKNVTVTHAQDILEKTHNGKLCNLDGVKPLILKDCSVAGWLLGNPMCDEFLNVSEWSYIVEKASPANGLCYPGDFNDYEELKHLLNRITHLKKIKIIPKSYWSNHEASSGVSAACSYMGEPSFFRNVVWLIKKNNTYPPIKVNYTNTNQEDLLVLWGIHHPNNEAEQIQIYQNLITHISVGTSTLNQRLIPKIATRSKVNGQSGRMEFFWTILKPNDSINFDSNGNFIAPEYAY-IVKKGDSAIMKSELEYGNCNTKCQTPMGAINSSMPFHNIHPLTIGECPKYVKSNRLVLATGLRNA,A/Chicken/Vietnam/Ncvd-03/2008
DQICIGYHANNSTEQVDTIMEKNVTVTHAQDILEKTHNGKLCNLDGVKPLILRDCSVAGWLLGNPMCDEFLNVPEWSYIVEKINPANDLCYPGSFNDYEELKHLLSRINHFEKIQIIPKNSWSDHEAS-GVSSACPYQGRSSFFRNVVWLTKKDNAYPTIKRSYNNTNQEDLLVLWGIHHPNDAAEQTRLYQNPTTYISVGTSTLNQRLVPKIATRSKVNGQSGRMEFFWTILKPNDAINFESNGNFIAPENAYKIVKKGDSTIMKSELEYGNCNTKCQTPIGAINSSMPFHNIHPLTIGECPKYVKSNRLILATGLRNS,A/Egypt/4394-NAMRU3/2009
DQICIGYHANNSTEQVDTIMEKNVTVTHAQDILEKTHNGKLCDLDGVKPLILRDCSVAGWLLGNPMCDEFINVPEWSYIVEKANPANDLCYPGNFNDYEELKHLLSRINHFEKIQIIPKSSWSDHEASSGVSSACPYLGTPSFFRNVVWLIKKNSTYPTIKRSYNNTNQEDLLVLWGIHHPNDAAEQTRLYQNPTTYISVGTSTLNQRLVPKIATRSKVNGQSGRMEFFWTILKPNDAINFESNGNFIAPEYAYKIVKKGDSAIMKSELEYGNCNTKCQTPMGAINSSMPFHNIHPLTIGECPKYVKSNRLVLATGLRNS,A/Indonesia/6/2005
DQICIGYHANNSTEQVDTIMEKNVTVTHAQDILEKTHNGKLCNLDGVKPLILKDCSVAGWLLGNPMCDEFLNVSEWSYIVEKASPANGLCYPGDFNDYEELKHLLNRITHLKKIKIIPKSYWSNHEASSGVSAACSYLGEPSFFRNVVWLIKKNNTYPPIKVNYTNTNQEDLLVLWGIHHPNNEAEQIQIYQNLITHISVGTSTLNQRLIPKIATRSKVNGQSGRMEFFWTILKPNDSINFDSNGNFIAPEYAY-IVKKGDSAIMKSELEYGNCNTKCQTPMGAINSSMPFHNIHPLTIGECPKYVKSNRLVLATGLRNA,A/Chicken/Vietnam/Ncvd-05/2008
DHICIGYHANNSTEQVDTIMEKNVTVTHAQDILEKTHNGKLCDLNGVKPLILKDCSVAGWLLGNPMCDEFINVPEWSYIVEKANPANDLCYPGNFNDYEELKHLLSRINHFEKIQIIPKDSWSDHEASLGVSSACPYQGNSSFFRNVVWLIKKGNAYPTIKKSYNNTNQEDLLVLWGIHHPNDEAEQTRLYQNPTTYISIGTSTLNQRLVPKIATRSKVNGQSGRIDFFWTILKPNDAINFESNGNFIAPEYAYKIVKKGDSTIMKSEVEYGNCNTRCQTPMGAINSSMPFHNIHPLTIGECPKYVKSNKLVLATGLRNS,A/CommonMagpie/HongKong/5052/2007
DQICIGYHANNSTEQVDTIMEKNVTVTHAQDILEKTHNGKLCNLDGVKPLILRDCSVAGWLLGNPMCDEFLNVPEWSYIVEKINPANDLCYPGNFNDYEELKHLLSRINHFEKIQIIPKNSWSDHEAS-GVSSACPYQGKSSFFRNVVWLTKKDNAYPTIKRSYNNTNQEDLLVLWGIHHPNDAAEQTRLYQNPTTYISVGTSTLNQRLAPKIATRSKVNGQSGRMEFFWTILKSNDAINFESNGNFIAPENAYKIVKKGDSTIMKSELEYSNCNTKCQTPIGAINSSMPFHNIHPLTIGECPKYVKSNRLVLATGLRNS,A/Egypt/N01360/2010
------YHANNSTEQVDTIMEKNVTVTHAQDILEKTHNGKLCDLDGVKPLILRDCSVAGWLLGNPMCDEFLNVPEWSYIVEKINPANDLCYPGNFNDYEELKHLLSRINHFEKIQIIPKSSWSDHEASSGVSSACPYQGRSSFFRNVVWLIKKDNAYPTIKRSYNNTNQEDLLVLWGIHHPNDAAEQTRLYQNPTTYISVGTSTLNQRLVPKIATRSKVNGQSGRMEFFWTILKSNDAINFESNGNFIAPENAYKIVKKGDSTIMKSELEYGNCNTKCQTPIGAINSSMPFHNIHPLTIGECPKYVKSNRLVLATGLRNS,A/Egypt/2786-NAMRU3/2006
DQICIGYHANNSTEQVDTIMEKNVTVTHAQDILEKTHNGKLCDLDGVRPLILRDCSVAGWLLGNPMCDEFINVPEWSYIVEKANPVNDLCYPGVFNDYEELKHLLSRINHFEKIQIIPKSSWPSHEASLGVSAACPYQGKSSFFRNVVWLIKKNSTYPTIKRSYNNTDQEDLLVMWGIHHPNDAAEQTKLYQNPTTYISVGTSTLNQRLTPRIATRSKVNGQSGRMEFFWTILKPNDAINFESNGNFIAPEYAYKIVKKGDSTIMKSELEYGNCNTKCQTPMGAINSSMPFHNIHPLTIGECPKYVKSNRLVLATGLRNS,A/MusckovyDuck/Vietnam/33/2007
DQICIGYHANNSTEQVDTIMEKNVTVTHAQDILEKTHNGKLCDLDGVKPLILRDCSVAGWLLGNPMCDEFLNVPEWSYIVEKINPANDLCYPGNFNDYEELKHLLSRINHFEKIQIIPKSSWSNHEASSGVSSACPYQGRSSFFRNVVWLIKKDNAYPTIKISYNNTNQEDLLVLWGIHHPNDAAEQTRLYQNPTTYISVGTSTLNQRLVPKIATRSKVNGQSGRMEFFWTILKSNDAINFESNGNFIAPENAYKIVKKGDSTIMKSELEYGNCNTKCQTPIGAINSSMPFHNIHPLTIGECPKYVKSNRLVLATGLRNS,A/Egypt/0216-NAMRU3/2007
DQICIGYHANNSTEQVDTIMEKNVTVTHAQDILEKTHNGKLCDLDGVKPLILRDCSVAGWLLGNPMCDEFINVPEWSYIVEKANPANDLCYPGNFNDYEELKHLLSRINHFEKIQIIPKSSWSDHEASSGVSSACPYQGVPSFFRNVVWLIKKNNTYPTIKRSYNNTNQEDLLILWGIHHSNDAAEQTKLYQNPTTYISVGTSTLNQRLVPKIATRSKVNGQSGRMDFFWTILKPNDAINFESNGNFIAPEYAYKIVKKGDSAIMKSEVEYGNCNTKCQTPIGAINSSMPFHNIHPLTIGECPKYVKSNKLVLATGLRNS,A/Duck/Vietnam/Ncvd-98/2007
DQICIGYHANNSTEQVDTIMEKNVTVTHAQDILEKTHNGKLCDLDGVKPLILRDCSVAGWLLGNPMCDEFINVPEWSYIVEKASPANDLCYPGDFNDYEELKHLLSRINHFEKIQIFPKSSWANHEASLGVSSACPYLEKPSFFRNVVWLIKKNNTYPTIKRSYNNTNQEDLLVLWGIHHPNDAAEQIKLYQNPTTYISVGTSTLNQRLVPKIATRSKVNGQSGRMEFFWTILKPNDAINFDSNGNFIAPEYAYKIVKKGDSAIMRSELEYGNCNTKCQTPMGAINSSMPFHNIHPLTIGECPKYVKSNRLVLATGLRNT,A/Goose/Yunnan/5539/2005
DQICIGYHANNSTEQVDTIMEKNVTVTHAQDILEKTHNGKLCDLDGVKPLILRDCSVAGWLLGNPMCDEFINVPEWSYIVEKANPANGLCYPGNFNDYEELKHLLSRINHFEKIQIIPKSSWSDHEASSGVSSACPHQGVPSFFRNVVWLIKKNNTYPTIKRSYNNTNQEDLLILWGIHHSNDAAEQTKLYQNPTTYISVGTSTLNQRLVPTIATRSKVNGQSGRMDFFWTILKPNDAINFESNGNFIAPEYAYKIVKKGDSAIMKSEVEYGNCNTKCQTPIGAINSSMPFHNIHPLTIGECPKYVKSNKLVLATGLRNS,A/Chicken/Vietnam/Ncvd-039/2008
DQICIGYHANNSTEQVDTIMEKNVTVTHAQDILEKTHNGKLCDLDGVKPLILRDCSVAGWLLGNPMCDEFINVPEWSYIVEKPNPANDLCYPGDFNDYEELKHLLSRINHFEKIQIIPKSSWSSHEASVGVSSVCPYQGKSSFFRNVVWLIKKNSTYPTIKRSYNNTNQEDLLVLWGIHHPNDAAEQTKLYQNPTTYISVGTSTLNQRLVPRIATRSKVNGQSGRMEFFWTILKPNDAINFESNGNFIAPEYAYKIVKKGDSTIMKSELEYGNCNTKCQTPMGAINSSMPFHNIHPLTIGECPKYVKSNRLVLATGLRNS,A/Thailand/676/2005
DQICIGYHANNSTEQVDTIMEKNVTVTHAQDILEKTHNGKLCDLDGVKPLILRDCSVAGWLLGNPMCDEFINVPEWSYIVEKANPANDLCYPGNLNDYEELKHLLSRINHFEKIQIIPKSSWSDHEASLGVSAACPYQGTPSFFRNVVWLIKKNNTYPTIKRSYNNTNQEDLLILWGIHHSNDEAEQIKLYQNPTTYISVGTSTLNQRLVPKIATRSKVNGQSGRMDFFWTILKPDDAINFESNGNFIAPEYAYKIVKKGDSAIMKSEMEYGNCNTKCQTPIGAINSSMPFHNIHPLTIGECPKYVKSNKLVLATGLRNS,A/Chicken/Vietnam/Ncvd-080/2008
DQICIGYHANNSTEQVDTIMEKNVTVTHAQDILEKTHNGKLCDLDGVKPLILRDCSVAGWLLGNPMCDEFLNVPEWSYIVEKINPANDLCYPGDFNDYEELKHLLSRINHFEKIQIIPKSSWSDYEASSGVSSACPYQGRSSFFRNVVWLIKKNNAYPTIKRSYNNTNQEDLLVLWGIHHPNDAAEQIRLYQNPTTYISVGTSTLNQRLVPKIATRSKVNGQSGRMEFFWTILKSNDAINFESNGNFIAPEYAYKIVKKGDSTIMKSELEYGNCNTKCQTPIGAINSSMPFHNIHPLTIGECPKYVKSNRLVLATGLRNS,A/Egypt/2321-NAMRU3/2007
DQICIGYHANNSTEQVDTIMEKNVTVTHAQDILEKTHNGKLCDLNGVKPLILRDCSVAGWLLGNPMCDEFINVPEWSYIVEKASPANDLCYPGDFNDYEELKHLLSRTNHFEKIQIIPKSSWSNHDASSGVSSACPYHGRSSFFRNVVWLIKKNSAYPTIKRSYNNTNQEDLLVLWGIHHPNDAAEQTKLYQNPTTYISVGTSTLNQRLVPEIATRPKVNGQSGRMEFFWTILKPNDAINFESNGNFIAPEYAYKIVKKGDSAIMKSELEYGNCNTKCQTPMGAINSSMPFHNIHPLTIGECPKYVKSNRLVLATGLRNT,A/Goose/Guangdong/1/1996
DQICIGYHANNSTEQVDTIMEKNVTVTHAQDILEKTHNGKLCDLDGVKPLILRDCSVAGWLLGNPMCDEFLNVPEWSYIVEKINPANDLCYPGDFNDYEELKHLLSRINHFEKIQIIPKSSWSDHEASSGVSSACPYQGRSSFFRNVVWLIKKDNAYPTIKRSYNNTNQEDLLVLWGIHHPNDAAEQTRLYQNPTTYISVGTSTLNQRLVPKIATRSKVNGQSGRMEFFWTILKSNDAINFESNGNFIAPENAYKIVKKGDSTIMKSELEYGNCNTKCQTPIGAINSSMPFHNIHPLTIGECPKYVKSNRLVLATGLRNS,A/Egypt/4226-NAMRU3/2007
DQICIGYHANNSTEQVDTIMEKNVTVTHAQDILEKTHNGKLCDLDGVKPLILRDCSVAGWLLGNPMCDEFLNVPEWSYIVEKINPANDLCYPGNFNDYEELKHLLSRINHFEKIQIIPKSSWSDHEASSGVSSACPYQGRSSFFRNVVWLIKKDNAYPTIKRSYNNTNQEDLLVLWGIHHPNDAAEQTRLYQNPTTYISVGTSTLNQRLVPKIATRSKVNGQSGRMEFFWTILKSNDAINFESNGNFIAPENAYKIVKKGDSTIMKSELEYGNCNTKCQTPIGAINSSMPFHNIHPLTIGECPKYVKSNRLVLATGLRNS,A/Egypt/2992-NAMRU3/2006
DQICIGYHANNSTEQVDTIMEKNVTVTHAQDILEKTHNGKLCDLDGVKPLILRDCSVAGWLLGNPMCDEFINVPEWSYIVEKANPVNDLCYPGVFNDYEELKHLLSRINHFEKIQIIPKSSWPSHEASLGVSAACPYQGKSSFFRNVVWLIKKNSTYPTIKRSYNNTNQEDLLVMWGIHHPNDAAEQTKLYQNPTTYISVGTSTLNQRLTPRIATRSKVNGQSGRMEFFWTILKPNDAINFESNGNFIAPEYAYKIVKKGDSTIMKSELEYGNCNTKCQTPMGAINSSMPFHNIHPLTIGECPKYVKSNRLVLATGLRNS,A/Duck/Vietnam/Ncvd-16/2007
DQICIGYHANNSTEQVDTIMEKNVTVTHAQDILEKTHNGKLCDLDGVKPLILRDCSVAGWLLGNPMCDEFLNVPEWSYIVEKINPANDLCYPGDFNDYEELKHLLSRINHFEKIQIIPKSSWSDHEASSGVSSACPYQGGSSFFRNVVWLIKKDNAYPTIKRSYNNTNQEDLLVLWGIHHPNDAAEQTRLYHNPTTYISVGTSTLNQRLVPKIATRSKVNGQSGRMEFFWTILKPNDAINFESNGNFIAPENAYKIVKKGDSTIMKSELEYGNCNTKCQTPIGAINSSMPFHNIHPLTIGECPKYVKSSRLVLATGLRNS,A/Egypt/4822-NAMRU3/2009
DQICIGYHANNSTEQVDTIMEKNVTVTHAQDILEKTHNGKLCDLDGVKPLILRDCSVAGWLLGNPMCDEFINVPEWSYIVEKANPANDLCYPGNLNDYEELKHLLSRINHFEKIQIIPKSSWSDHEASLGVSSACLYLGTPSFFRNVVWLIKKNNTYPTIKRSYNNTNQEDLLILWGIHHSNDEAEQIKLYQNPTTYISVGTSTLNQRLVPKIATRSKVNGQSGRMDFFWTILKPNDAINFESNGNFIAPEYAYKIVKKGDSAIMKSEVEYGNCNTKCQTPIGAINSSMPFHNIHPLTIGECPKYVKSNKLVLATGLRNS,A/Chicken/Vietnam/Ncvd-083/2008
DQICIGYHANNSTEQVDTIMEKNVTVTHAQDILEKTHNGKLCDLDGVKPLILRDCSVAGWLLGNPMCDEFLNVPEWSYIVEKINPANDLCYPGDFNDYEELKHLLSRINHFEKIQIIPKSSWSDHEASSGVSSACPYQGRPSFFRNVVWLIKKDNAYPTIKRSYNNTNQEDLLVLWGIHHPNDAAEQTRLYQNPTTYISVGTSTLNQRLVPKIATRSKVNGQSGRMEFFWTILKSNDAINFESNGNFIAPENAYKIVKKGDSTIMKSELEYGNCNTKCQTPIGAINSSMPFHNIHPLTIGECPKYVKSNRLVLATGLRNS,A/Egypt/4082-NAMRU3/2007
DQICIGYHANNSTEQVDTIMEKNVTVTHAQDILEKTHNGKLCNLDGVKPLILRDCSVAGWLLGNPMCDEFLNVPEWSYIVEKINPSNDLCYPGNFNDYEELKHLLSRINHFEKIQIIPKNSWSDHEAS-GVSSACPYQGRSSFFRNVVWLTKKNNAYPTIKKSYNNTNQEDLLVLWGIHHPNDEAEQTSLYQNPTTYISVGTSTLNQRLVPKIATRSKVNGQSGRMEFFWTILKSNDAINFESNGNFIAPENAYKIVKKGDSTIMKSELEYGNCNTKCQTPIGAINSSMPFHNIHPLTIGECPKYVKSNRLVLATGLRNS,A/Egypt/N02554/2010
--ICIGYHANNSTEQVDTIMEKNVTVTHAQDILEKTHNGKLCDLDGVKPLILRDCSVAGWLLGNPMCDEFLNVPEWSYIVEKINPANDLCYPGNFNDYEELKHLLSRINHFEKIQIIPKSSWSDHEASSGVSSACPYQGRSSFFRNVVWLIKKDNAYPTIKRSYNNTNQEDLLVLWGIHHPNDAAEQTRLYQNPTTYISVGTSTLNQRLVPKIATRSKVNGQSGRMEFFWTILKSNDAINFESNGNFIAPENAYKIVKKGDSTIMKSELEYGNCNTKCQTPIGAINSSMPFHNIHPLTIGECPKYVKSNRLILATGLRNS,A/Egypt/2782-NAMRU3/2006
DQICIGYHANNSTEQVDTIMEKNVTVTHAQDILEKTHNGKLCDLDGVKPLILRDCSVAGWLLGNPMCDEFINVPEWSYIVEKANPANDLCYPGDFNDYEELKHLLSRINHFEKIQIIPKNSWSSHEASLGVSSACPYQGKSSFFRNVVWLIKKNNAYPTIKRSYNNTNQEDLLVLWGIHHPNDAAEQTRLYQNPTTYISVGTSTLNQRLVPKIATRSKVNGQNGRMEFFWTILKPNDAINFESNGNFIAPEYAYKIVKKGDSAIMKSELEYGNCNTKCQTPMGAINSSMPFHNIHPLTIGECPKYVKSNRLVLATGLRNS,A/HongKong/213/2003
DQICIGYHANNSTEQVDTIMEKNVTVTHAQDILEKTHNGKLCDLDGVKPLILRDCSVAGWLLGNPMCDEFINVPEWSYIVEKANPANDLCYPGNFNDYEELKHLLSRINHFEKIQIIPKSSWSDHEASSGVSSACPYQGVPSFFRNVVWLIKKNNTYPTIKRSYNNTNQEDLLILWGIHHSNDATEQTKLYQNPITYISVGTSTLNQRLVPKIATRSKVNGQSGRMDFFWTILKPNDAINFESNGNFIAPEYAYKIVKKGDSAIMKSEVEYGNCNTKCQTPIGAINSSMPFHNIHPLTIGECPKYVKSNKLVLATGLRNS,A/Chicken/Vietnam/Ncvd-084/2008
DQICIGYHANNSTEQVDTIMEKNVTVTHAQDILEKTHNGKLCDLDGVKPLILRDCSVAGWLLGNPMCDEFINVPEWSYIVEKANPANDLCYPGNLNDYEELKHLLSRINHFEKIQIIPKSSWSDHEASLGVSSACPYQGTPSFFRNVVWLIKKNNTYPTIKRSYNNTSQEDLLILWGIHHSNNEAEQIKLYQNPTTYISVGTSTLNQRLVPKIATRSKVNGQSGRMDFFWTILKPDDAINFESNGNFIAPEYAYKIVKKGDSAIMKSEVEYGNCNTKCQTPIGAINSSMPFHNIHPLTIGECPKYVKSNKLVLATGLRNS,A/MuscovyDuck/Vietnam/Ncvd-034/2008
DQICIGYHANNSTEQVDTIMEKNVTVTHAQDILEKTHNGKLCDLDGVKPLILRDCSVAGWLLGNPMCDEFLNVPEWSYIVEKINPANDLCYPGNFNDYEELKHLLSRINHFEKIQIIPKSSWSNHEASSGVSSACPYQGRSSFFRNVVWLIKKGNAYPTIKISYNNTNQEDLLVLWGIHHPNDAAEQTRLYQNPTAYISVGTSTLNQRLVPKIATRSKVNGQSGRMEFFWTILKSNDTINFESNGNFIAPENAYKIVKKGDSTIMKSELEYGNCNTKCQTPIGAINSSMPFHNIHPLTIGECPKYVKSNRLVLATGLRNS,A/Egypt/6251-NAMRU3/2007
DQICIGYHANNSTEQVDTIMEKNVTVTHAQDILEKTHNGKLCNLDGVKPLILRDCSVAGWLLGNPMCDEFLNVPEWSYIVEKINPANDLCYPGNFNDYEELKHLLSRINHFEKIQIIPKGSWSDHEAS-GVSSACPYQGRSSFFRNVVWLTKKNNAYPTIKKSYNNTNQEDLLVLWGIHHPNDAAEQTRLYQNPTTYISVGTSTLNQRLVPQIATRSKVNGQSGRMEFFWTILKSNDAINFESNGNFIAPENAYKIVKKGDSTIMKSELEYGNCNTKCQTPIGAINSSMPFHNIHPLTIGECPKYVKSNRLVLATGLRNS,A/Egypt/N02127/2010
DQICIGYHANNSTEQVDTIMEKNVTVTHAQDILEKTHNGKLCNLDGVKPLILRDCSVAGWLLGNPMCDEFLNVPEWSYIVEKINPANDLCYPGNFNDYEELKHLLSRINHFEKIQIIPKNSWSDHEAS-GVSSACPYQGRSSFFRNVVWLTKKNNAYPTIKRSYNNTNQEDLLVLWGIHHPNDATEQTRLYQNPTTYISVGTSTLNQRLIPKIATRSKVNGQSGRMEFFWTILKSNDAINFESNGNFIAPENAYKIVKKGDSTIMKSELEYGNCNTKCQTPIGAINSSMPFHNIHPLTIGECPKYVKSNRLVLATGLRNS,A/Egypt/3450-NAMRU3/2009
DQICIGYHANNSTEQVDTIMEKNVTVTHAQDILEKTHNGKLCDLDGVKPLILRDCSVAGWLLGNPMCDEFLNVPEWSYIVEKINPANDLCYPGDFNDYEELKHLLSRINHFEKIQIIPKSSWSDHEASSGVSSACPYQGRSSFFRNVVWLIKKENAYPTIKRSYNNTNQEDLLVLWGIHHPNDAAEQTRLYQNPTTYISVGTSTLNQRLVPKIATRSKVNGQSGRMEFFWTILKPNDAINFESNGNFIAPENAYKIVKKGDSTIMKSELEYGNCNTKCQTPIGAINSSMPFHNIHPLTIGECPKYVKSNRLVLATGLRNS,A/Egypt/1980-NAMRU3/2008
DQICIGYHANNSTEQVDTIMEKNVTVTHAQDILEKTHNGKLCDLDGVKPLILRDCSVAGWLLGNPMCDEFLNVPEWSYIVEKINPANDLCYPGDFNDYEELKHLLSRINHFEKIQIIPKSSWSDHEASSGVSSACPYQGRSSFFRNVVWLIKKDNAYPTIKRSYNNTNQEDLLVLWGIHHPNDAAEQTRLYHNPTTYISVGTSTLNQRLVPKIATRSKVNGQSGRMEFFWTILKPNDAINFESNGNFIAPENAYKIVKKGDSTIMKSELEYGNCNTKCQTPIGAINSSMPFHNIHPLTIGECPKYVKSSRLVLATGLRNS,A/Egypt/4979-NAMRU3/2009
DQICIGYHANNSTEQVDTIMEKNVTVTHAQDILEKTHNGKLCDLDGVKPLILRDCSVAGWLLGNPMCDEFINVPEWSYIVERASPANDLCYPGDFNDYEELKHLLSRINHFEKIQIFPKSSWPNHEASSGVSSACPYQGRSSFFRNVVWLIKKNSAYPTIKRSYNNTNQEDLLVLWGIHHPNDAAEQTKLYQNPTTYISVGTSTLNQRLVPKIATRSKVNGQSGRMEFFWTILKPNDAINFESNGNFIAPEYAYKIVKKGDSAIMKSELEYGNCNTKCQTPMGAINSSMPFHNIHPLTIGECPKYVKSNRLVLATGLRNS,A/Teal/HongKong/2978.1/2002
DQICIGYHANNSTEQVDTIMEKNVTVTHAQDILEKTHNGKLCDLDGVKPLILRDCSVAGWLLGNPMCDEFINVPEWSYIVEKANPANDLCYPGNFNDYEELKHLLSRINHFEKIQIIPKSSWSDHEASSGVSSACPYQGVPSFFRNVVWLIKKNNTYPTIKRSYNNTNQEDLLILWGIHHSNDAAEQTKLYQNPTTYISVGTSTLNQRLVPKIATRSKVNGQSGRMDFFWTILKPNDAINFESNGNFIAPEYAYKIVKKGDSAIMKSEVEYGNCNTKCQTPIGAINSSMPFHNIHPLTIGECPKYVKSNKLVLATGLRNS,A/MuscovyDuck/Vietnam/Ncvd-154/2008
DQICIGYHANNSTVQVDTIMEKNVTVTHAQDILEKTHNGKLCSLDGVKPLILRDCSVAGWLLGNPMCDEFINVPEWSYIVEKASPANDLCYPGDFNDYEELKHLLSRINHFEKIQIIPKSSWPNHEASLGVSSACPYLGESSFFRNVVWLIKKNSSYPTIKRSYNNTNQEDLLVLWGIHHPNDAAEQIKLYQNPNTYISVGTSTLNQRLVPTIATRSKVNGQSGRMEFFWTILKPNDAINFESNGNFIAPEYAYKIVKKGDSAIMKSELEYGNCNTKCQTPMGAINSSMPFHNIHPLTIGECPKYVKSNRLVLATGLRNT,A/Goose/Guiyang/337/2006
DHICIGYHANNSTEQVDTIMEKNVTVTHAQDILEKTHNGKLCDLNGVKPLILKDCSVAGWLLGNPMCDEFIDVPEWSYIVEKANPANDLCYPGNFNDYEELKHLLSRINHFEKIRIIPKDSWPDHEASLGVSAACSYQGNSSFFRNVVWLLKKDNAYPIIKKSYNNTNKEDLLVLWGIHHPNDEAEQTRLYQNPTTYVSIGTSTLNQRLVPRIATRSKVNGQSGRIDFFWTILKPNDAINFESNGNFIAPEYAYKIVKKGDSTIMRSEVEYGNCSTRCQTPMGAINSSMPFHNIHPLTIGECPKYVKSNKLVLATGLRNS,A/BarnSwallow/HongKong/1161/2010
DQICIGYHANNSTEQVDTIMEKNVTVTHAQDILEKKHNGKLCDLDGVKPLILRDCSVAGWLLGNPMCDEFINVPEWSYIVEKANPVNDLCYPGDFNDYEELKHLLSRINHFEKIQIIPKSSWSSHEASLGVSSACPYQGKSSFFRNVVWLIKKNSTYPTIKRSYNNTNQEDLLVLWGIHHPNDAAEQTKLYQNPTTYISVGTSTLNQRLVPRIATRSKVNGQSGRMEFFWTILKPNDAINFESNGNFIAPEYAYKIVKKGDSTIMKSELEYGNCNTKCQTPMGAINSSMPFHNIHPLTIGECPKYVKSNRLVLATGLRNS,A/Vietnam/1203/2004
DQICIGYHANNSTEQVDTIMEKNVTVTHAQDILEKTHNGKLCDLDGVKPLILRDCSVAGWLLGNPMCDEFLNVPEWSYIVEKINPANDLCYPGNFNDYEELKHLLSRINHFEKIQIIPKSSWSDHEASSGVSSACPYQGRSSFFRNVVWLIKKDNAYPTIKRSYNNTNQEDLLVLWGIHHPNDAAEQTRLYQNPTTYISVGTSTLNQRLVPKIATRSKVNGQSGRMEFFWTILKPNDAITFESNGNFIAPENAYKIVKKGDSTIMKSELEYGNCNTKCQTPIGAINSSMPFHNIHPLTIGECPKYVKSNRLVLATGLRNS,A/Chicken/Nigeria/Ba209/2006
DHICIGYHANNSTEQVDTIMEKNVTVTHAQDILEKTHNGKLCDLNGVKPLILKDCSVAGWLLGNPLCDEFINVPEWSYIVEKANPANDLCYPGNFNDYEELKHLLSRINHFEKIQIIPKDSWSDHEASLGVSAACSYQGNSSFFRNVVWLIKKDNAYPTIKKGYNNTNQEDLLVLWGIHHPNDEAEQTRLYQNPTTYISIGTSTLNQRLVPKIATRSKINGQSGRIDFFWTILKPNDAIHFESNGNFIAPEYAYKIVKKGDSTIMKSEVEYGNCNTRCQTPIGAINSSMPFHNIHPLTIGECPKYVKSNKLVLATGLRNS,A/Bar-headedGoose/Mongolia/x53/2009
DQICIGYHANNSTEQVDTIMEKNVTVTHAQDILEKTHNGKLCDLDGVKPLILRDCSVAGWLLGNPMCDEFLNVPEWSYIVEKINPANDLCYPGNFNDYEELKHLLSRINHFEKIQIIPKSSWSNHEASSGVSSACPYQGRSSFFRNVVWLIKKDNAYPTIKISYNNTNQEDLLVLWGIHHPNDAAEQTRLYQNPTTYISVGTSTLNQRLVPKIATRSKVNGQSGRMEFFWTILKSNDAINFESNGNFIAPENAYKIVKKGDSTIMKSELEYGNCNTKCQTPIGAINSSMPFHNIHPLTIGECPKYVKSNRLVLATGLRNS,A/Egypt/0215-NAMRU3/2007
DQICIGYHANNSTKQVDTIMEKNVTVTHAQDILEKTHNGKLCALDGIRPLILRDCSVAGWLLGNPMCDEFINVPEWSYIVEKANPVNDLCYPGVFNDYEELKHLLSRINHFEKIQIIPKSSWPSHEASLGVSAACPYQGKSSFFRNVVWLIKKNSTYPTIKRSYNNTNQEDLLVMWGIHHPNDAAEQTKLYQNPTTYISVGTSTLNQRLTPRIATRSKVNGQSGRMEFFWTILKPNDAINFESNGNFIAPEYAYKIVKKGDSTIMKSELEYGNCNTKCQTPMGAINSSMPFHNIHPLTIGECPKYVKSTRLVLATGLRNS,A/Chicken/VietNam/NCVD-775/2011
DQICIGYHANNSTEQVDTIMEKNVTVTHAQDILEKTHNGKLCDLDGVKPLILRDCSVAGWLLGNPMCDEFLNVPEWSYIVEKINPANDLCYPGTFNDYEELKHLLSRINHFEKIQIIPKSSWSDHEASSGVSSACPHQGRSSFFRNVVWLIKKNNAYPTIKISYNNTNQEDLLVLWGIHHPNDAAEQTRLYQNPTTYISVGTSTLNQRLVPKIATRSKVNGQSGRMEFFWTILKSNDAINFESNGNFIAPENAYKIVKKGDSTIMKSELEYGNCNTKCQTPIGAINSSMPFHNIHPLTIGECPKYVKSNRLVLATGLRNS,A/Egypt/902-NAMRU3/2007
DHICIGYHANNSTEQVDTIMEKNVTVTHAQDILEKTHNGKLCDLNGVKPLILKDCSVAGWLLGNPLCDEFTNVPEWSYIVEKANPANDLCYPGNFNDYEELKHLLSRINHFEKIQIIPKDSWSDHEASLGVSAACSYQGNSSFFRNVVWLIKKDNAYPTIKKGYNNTNREDLLILWGIHHPNDEAEQTRLYQNPTTYISIGTSTLNQRLVPKIATRSKINGQSGRIDFFWTILKPNDAIHFESNGNFIAPEYAYKIVKKGDSTIMRSEVEYGNCNTRCQTPIGAINSSMPFHNIHPLTIGECPKYVKSNKLVLATGLRNS,A/Duck/VietNam/NCVD-1584/2012
DQICIGYHANNSTEQVDTIMEKNVTVTHAQDILEKTHNGKLCDLDGVKPLILRDCSVAGWLLGNPMCDEFINVPEWSYIVEKANPANDLCYPGNFNDYEELKHLLSRINHFEKIQIIPKSSWSDHEASSGVSSACPYQGTPSFFRNVVWLIKKNNTYPTIKRSYNNTNQEDLLILWGIHHSNDAAEQTKLYQNPTTYISVGTSTLNQRLVPKIATRSKVNGQSGRMDFFWTILKPNDAINFESNGNFIAPEYAYKIVKKGDSAIMKSEVEYGNCNTKCQTPIGAINSSMPFHNIHPLTIGECPKYVKSNKLVLATGLRNS,A/HouseCrow/HongKong/719/2007
-----------------------VTVTHAQDILEKTHNGKLCDLDGVRPLILRDCSVAGWLLGNPMCDEFINVPEWSYIVEKANPVNDLCYPGVFNDYEELKHLLSRINHFEKIQIIPKSSWPSHEASLGVSAACPYQGKSSFFRNVVWLIKKNSTYPTIKRSYNNTDQEDLLVMWGIHHPNDAAEQTKLYQNPTTYISVGTSMLNQRLTPRIATRSKVNGQSGRMEFFWTILKPNDAINFESNGNFIAPEYAYKIVKKGDSTIMKSELEYGNCNTKCQTPMGAINSSMPFHNIHPLTIGECPKYVKSNRLVLATGLRNS,A/Duck/Vietnam/4/2010
DQICIGYHANNSTEQVDTIMEKNVTVTHAQDILEKTHNGKLCNLDGVKPLILKDCSVAGWLLGNPMCDEFLNVSEWSYIVEKASPANGLCYPGDFNDYEELKHLLNRITHLKKIKIIPKSYWSNHEASSGVSAACSYLGEPSFFRNVVWLIKKNNTYPPIKVNYTNTNQEDLLVLWGIHHPNNEAEQIQIYQNLITHISVGTSTLNQRLIPKIATRSKVNGQSGRMEFFWTILKPNDSINFDSNGNFIAPEYAY-IVKKGDSAIMKSELEYGNCNTKCQTPMGAINSSMPFHNIHPLTIGECPKYVKSNRLVLATGLRNA,A/Chicken/Vietnam/Ncvd-04/2008
DQICIGYHANNSTEQVDTIMEKNVTVTHAQDILERTHNGKLCDLDGVKPLILRDCSVAGWLLGNPMCDEFINVPEWSYIVEKANPANDLCYPGNFNDYEELKHLLSRINHFEKIQIIPKSSWSDHEASSGVSSACPYQGVPSFFRNVVWLIKKNNTYPTIKRSYNNTNQEDLLILWGIHHSNDAAEQTKLYQNPTTYISVGTSTLNQRLVPKIATRSKVNGQSGRMDFFWTILKPNDAINFESNGNFIAPEYAYKIVKKGDSAIMKSEVEYGNCNTKCQTPIGAINSSMPFHNIHPLTIGECPKYVKSNKLVLATGLRNS,A/Duck/Vietnam/Ncvd-81/2007
DQICIGYHANNSTEQVDTIMEKNVTVTHAQDILERTHNGKLCDLNGVKPLILRDCSVAGWLLGNPMCDEFINVPEWSYIVEKASPANDLCYPGNFNDYEELKHLLSRINHFEKIQIIPKSSWSNHDASSGVSSACPYLGRSSFFRNVVWLIKKNSAYPTIKRSYNNTNQEDLLVLWGIHHPNDAAEQTKLYQNPTTYISVGTSTLNQRLVPEIATRPKVNGQSGRMEFFWTILKPNDAINFESNGNFIAPEYAYKIVKKGDSTIMKSELEYGNCNTKCQTPMGAINSSMPFHNIHPLTIGECPKYVKSNRLVLATGLRNT,A/HongKong/156/1997
DQICIGYHANNSTEQVDTIMEKNVTVTHAQDILEKTHNGKLCNLDGVKPLILRDCSVAGWLLGNPMCDEFLNVPEWSYIVEKINPANDLCYPGNFNDYEELKHLLSRINHFEKIQIIPKNSWSDHEAS-GVSSACPYQGRSSFFRNVVWLTKKDNAYPTIKRSYNNTNQEDLLVLWGIHHPNDAAEQTRLYQNPTTYISVGTSTLNQRLVPKIATRSKVNGQSGRMEFFWTILKSNDAINFESNGNFIAPENAYKIVKKGDSTIMKSELEYGNCNTKCQTPIGAINSSMPFHNIHPLTIGECPKYVKSNRLVLATGLRNS,A/Egypt/4395-NAMRU3/2009
DQICIGYHANNSTEQVDTIMEKNVTVTHAQDILEKTHNGKLCDLDGVKPLILKDCSVAGWLLGNPMCDEFINVPEWSYIVEKADPVNDLCYPGNFNDYEELKHLLSRINHFEKIQIIPKSSWSSHEASLGVSSACPYQGRSSFFRNVVWLIKKNSTYPTIKRSYNNTNQEDLLVMWGIHHPNDAAEQTRLYQNPTTYISVGTSTLNQRLVPRIATRSKINGQSGRMEFFWTILKPNDAINFESNGNFIAPEYAYKIVKKGDSTIMKSELEYGNCNTKCQTPMGAINSSMPFHNIHPLTIGECPKYVKSNRLVLATGLRNS,A/Vietnam/Jp30321/2005
DQICIGYHANNSTEQVDTIMEKNVTVTHAQDILEKTHNGKLCDLDGVKPLILRDCSVAGWLLGNPMCDEFLNVPEWSYIVEKINPANDLCYPGNFNDYEELKHLLSRINHFEKIQIIPKSSWSDHEASSGVSSACPYQGRSSFFRNVVWLIKKDNAYPTIKRSYNNTNQEDLLVLWGIHHPNDAAEQTRLYQNPTTYISVGTSTLNQRLVPKIATRSKVNGQSGRMEFFWTILKPNDAINFESNGNFIAPENAYKIIKKGDSAIMKSELEYGNCNTKCQTPIGAINSSMPFHNIHPLTIGECPKYVKSNRLVLATGLRNS,A/Chicken/Nigeria/Ba210/2006
DQICIGYHANNSTEQVDTIMEKNVTVTHAQDILEKTHNGKLCDLDGVKPLILRDCSVAGWLLGNPMCDEFINVPEWSYIVEKANPANDLCYPGNFNDYEELKHLLSRINHFEKIQIIPKSSWSDHEASSGVSSACPYQGKSSFFRNVVWLIKKNNAYPTIKRSYNNTNQEDLLVLWGIHHPNDAAEQTKLYQNPTTYISVGTSTLNQRLVPKIATRSKVNRQSGRMDFFWTILKPNDAINFESNGNFIAPEYAYKIVKKGDSAIMKSEVEYGNCNTKCQTPMGAINSSMPFHNIHPLTIGECPKYVKSNKLVLATGLRNS,A/Duck/Hunan/15/2004
DQICIGYHANNSTEQVDTIMEKNVTVTHAQDILEKTHNGKLCDLDGVKPLILRDCSVAGWLLGNPMCDEFINVPEWSYIVEKANPANDLCYPGNFNDYEELKHLLSRINHFEKIQIIPKSSWSDHEASLGVSSACPYQGSSSFFRNVVWLIKKNNAYPTIKRSYNNTNQEDLLVLWGIHHPNDEAEQTRLYQNPTTYISIGTSTLNQRLVPKIATRSKVNGQSGRMDFFWTILKPNDAINFESNGNFIAPEYAYKIVKKGDSAIMKSEVEYGNCNTKCQTPMGAINSSMPFHNIHPLTIGECPKYVKSNKLVLATGLRNS,A/Goose/Guangxi/345/2005
DQICIGYHANNSTEQVDTIMEKNVTVTHAQDILEKTHNGKLCNLDGVKPLILRDCSVAGWLLGNPMCDEFLNVPEWSYIVEKINPANDLCYPGNFNDYEELKHLLSRINHFEKIQIIPKNSWSDHEAS-GVSSACPYQGRSSFFRNVVWLTKKNNAYPTIKRSYNNTNQEDLLVLWGIHHPNDAEEQTRLYQNPTTYISVGTSTLNQRLVPKIATRSKVNGQSGRMEFFWTILKSNDAINFESNGNFIAPENAYKIVKKGDSTIMKSELEYGNCNTKCQTPIGAINSSMPFHNIHPLTIGECPKYVKSNRLVLATGLRNS,A/Egypt/2563-NAMRU3/2009
DQICIGYHANNSTEQVDTIMEKNVTVTHAQDILEKTHNGKLCDLDGVKPLILRDCSVAGWLLGNPMCDEFINVPEWSYIVEKANPANDLCYPGNFNDYEELKHLLSRINHFEKIQIIPKSSWSDHEASSGVSSACPYQGTPSFFRNVIWLIKKNNTYPTIKRSYNNTNQEDLLILWGIHHSNDAAEQTKLYQNPTTYISVGTSTLNQRLVPKIATRSKVNGQSGRMDFFWTILKPNDAINFESNGNFIAPEYAYKIVKKGDSAIMKSEVEYGNCNTKCQTPIGAINSSMPFHNIHPLTIGECPKYVKSNKLVLATGLRNS,A/Duck/Hunan/856/2006
DQICIGYHANNSTEQVDTIMEKNVTVTHAQDILEKTHNGKLCDLDGVKPLILRDCSVAGWLLGNPMCDEFLNVSEWSYIVEKINPANDLCYPGNFNNYEELKHLLSRINRFEKIQIIPKSSWPDHEASSGVSSACPYQGGPSFYRNVVWLIKKDNAYPTIKKSYHNTNQEDLLVLWGIHHPNDETEQTRLYQNPTTYISVGTSTLNQRLVPKIATRSKVNGQSGRVEFFWTILKSNDAINFESNGNFIAPENAYKIVKKGDSTIMKSELEYGNCNTKCQTPIGAINSSMPFHNIHPLTIGECPKYVKSNRLVLATGLRNS,A/Chicken/Egypt/9403-NAMRU3/2007
DQICIGYHANNSTEQVDTIMEKNVTVTHAQDILEKTHNGKLCNLDGVKPLILRDCSVAGWLLGNPMCDEFLNVPEWSYIVEKINPSNDLCYPGNFNDYEELKHLLSRINHFEKIQIIPKNSWSDHEAS-GVSSACPYQGRSSFFRNVVWLTKKNNAYPTIKKSYNNTNQEDLLVLWGIHHPNDEAEQTRLYQNPTTYISVGTSTLNQRLVPKIATRSKVNGQSGRMEFFWTILKSNDAINFESNGNFIAPENAYKIVKKGDSTIMKSELEYGNCNTKCQTPIGAINSSMPFHNIHPLTIGECPKYVKSNRLVLATGLRNS,A/Egypt/N03071/2010
DQICIGYHANNSTEQVDTIMEKNVTVTHAQDILEKTHNGKLCDLDGVKPLILRDCSVAGWLLGNPMCDEFINVPEWSYIVEKANPVNDLCYPGDFNDYEELKHLLSRINHFEKIQIIPKSSWSSHEASLGVSSACPYQGKSSFFRNVVWLIKKNSTYPTIKRSYNNTNQEDLLVMWGIHHPNDAAEQTKLYQNPTTYISVGTSTLNQRLVPRIATRSKVNGQSGRMEFFWTILKPNDAINFESNGNFIAPEYAYKIVKKGDSTIMKSELEYGNCNTKCQTPMGAINSSMPFHNIHPLTIGECPKYVKSNRLVLATGLRNS,A/Vietnam/Jp178/2004
DQICIGYHANNSTEQVDTIMEKNVTVTHAQDILEKTHNGKLCDLDGVKPLILRDCSVAGWLLGNPMCDEFLNVPEWSYIVEKINPANDLCYPGDFNDYEELKHLLSRINHFEKIQIIPKSSWSDYEASSGVSSACPYQGRSSFFRNVVWLIKKNNAYPTIKRSYNNTNQEDLLVLWGIHHPNDAAEQIRLYQNPTTYISVGTSTLNQRLVPKIATRSKVNGQSGRMEFFWTILKSNDAINFESNGNFIAPEYAYKIVKKGDSTIMKSELEYGNCNTKCQTPIGAINSSMPFHNIHPLTIGECPKYVKSNRLVLATGLRNS,A/Egypt/321/2007
DQICIGYHANNSTEQVDTIMEKNVTVTHAQDILEKTHNGKLCDLDGVKPLILRDCSVAGWLLGNPMCDEFINVPEWSYIVEKANPANDLCYPGNFNDYEELKHLLSRINHFEKIQIIPKSSWSDHEASSGVSSACPYQGKSSFFRNVVWLIKKNNAYPTIKRSYNNTNQEDLLVLWGIHHPNDAAEQTRLYQNPTTYISVGTSTLNQRLVPKIATRSKVNGQSGRMDFFWTILKPNDAINFESNGNFIAPEYAYKIVKKGDSAIMKSEVEYGNCNTKCQTPMGAINSSMPFHNIHPLTIGECPKYVKSNKLVLATGLRNS,A/Duck/Hunan/101/2004
DQICIGYHANNSTEQVDTIMEKNVTVTHAQDILEKTHNGKLCDLDGVKPLILRDCSVAGWLLGNPMCDEFINVPEWSYIVEKANPANDLCYPGNLNDYEELKHLLSRINHFEKIQIIPKSSWSDHEASLGVSSACPYQGTPSFFRNVVWLIKKNNTYPTIKRSYNNTNQEDLLILWGIHHSNDEAEQIKLYQNPTTYISVGTSTLNQRLVPKIATRSKVNGQSGRMDFFWTILKPDDAINFESNGNFIAPEYAYKIVKKGDSAIMKSEVEYGNCNTKCQTPIGAINSSMPFHNIHPLTIGECPKYVKSNKLVLATGLRNS,A/Chicken/Vietnam/Ncvd-282/2009
------YHANNSTEQVDTIMEKNVTVTHAQDILEKTHNGKLCDLDGVKPLILRDCSVAGWLLGNPMCDEFLNVPEWSYIVEKINPANDLCYPGNFNDYEELKHLLSRINHFEKIQIIPKSSWSDHEASSGVSSACPYQGRSSFFRNVVWLIKKDNAYPTIKRSYNNTNQEDLLVLWGIHHPNDAAEQTRLYQNPTTYISVGTSTLNQRLVPKIATRSKVNGQSGRMEFFWTILKSNDAINFESNGNFIAPENAYKIVKKGDSTIMKSELEYGNCNTKCQTPIGAINSSMPFHNIHPLTIGECPKYVKSNRLVLATGLRNS,A/Egypt/3458-NAMRU3/2006
DQICIGYHANNSTEQVDTIMEKNVTVTHAQDILEKTHNGKLCDLDGVKPLILRDCSVAGWLLGNPMCDEFLNVPEWSYIVEKINPANDLCYPGNFNDYEELKHLLSRINHFEKIQIIPKSSWSNHEASSGVSSACPYQGRSSFFRNVVWLIKKGNAYPTIKISYNNTNQEDLLVLWGIHHPNDAAEQTRLYQNPTTYISVGTSTLNQRLVPKIATRSKVNGQNGRMEFFWTILKSNDAINFESNGNFIAPENAYKIVKKGDSTIMKSELEYGNCNTKCQTPIGAINSSMPFHNIHPLTIGECPKYVKSNRLVLATGLRNS,A/Egypt/0217-NAMRU3/2007
DQICIGYHANNSTEQVDTIMEKNVTVTHAQDILEKTHNGKLCDLDGVKPLILRDCSVAGWLLGNPMCDEFINVPEWSYIVEKANPANDLCYPGNFNDYEELKHLLSRINHFEKIQIIPKSSWSDHEASSGGSSACPYQGTPSFFRNVVWLIKKNNTYPTIKRSYNNTNQEDLLILWGIHHSNDAAEQTKLYQNPTTYISVGTSTLNQRLVPKIATRSKVNGQSGRMDFFWTILKPNDAINFESNGNFIAPEYAYKIVKKGDSAIMKSEVEYGNCNTKCQTPIGAINSSMPFHNIHPLTIGECPKYVKSNKLVLATGLRNS,A/Guangxi/1/2005
DQICIGYHANNSTEQVDTIMEKNVTVTHAQDILEKTHNGKLCDLDGVKPLILKDCSVAGWLLGNPMCDEFINVPEWSYIVEKANPTNDLCYPGSFNDYEELKHLLSRINHFEKIQIIPKSSWSDHEASSGVSSACPYLGSPSFFRNVVWLIKKNSTYPTIKKTYNNTNQEDLLILWGIHHPNNGAEQTMLYQNPTTYISIGTSTLNQRLVPKIATRSKVNGQSGRMEFFWTILKPNDAINFESNGNFIAPEYAYKIVKKGDSAIMKSELEYGNCNTKCQTPMGAINSSMPFHNIHPLTIGECPKYVKSNRLVLATGLRNS,A/Indonesia/NIHRD11771/2011
DQICIGYHANNSTEQVDTIMEKNVTVTHAQDILEKTHNGKLCDLDGVKPLILRDCSVAGWLLGNPMCDKFNDVPEWSYIVEKANPANDLCYPGNLNDYEELKHLLSRINHFEKIQTFPKSSWSDHEASLGVSAACPYQGMPSFFRNVVWLIKKNNTYPTIKSSYNNTNQEDLLILWGIHHSNDEAEQTRLYQNSNTYISVGTSTLNQRLVPKIATRSKVNGQSGRMDFFWTILKPNDAINFESNGNFIAPEYAYKIVKKGDSAIMKSEVGYGDCNTKCQTPIGAINSSMPFHNIHPLTIGECPKYVKSNKLVLATGLRNS,A/chicken/HongKong/AP156/2008
DQICIGYHANNSTEQVDTIMEKNVTVTHAQDILEKTHNGKLCNLDGVKPLILRDCSVAGWLLGNPMCDEFLNVPEWSYIVEKINPANDLCYPGNFNDYEELKHLLSRINHFEKIQIIPKSSWSDHEAS-GVSSACPYQGRSSFFRNVVWLTKKDNAYPTIKRSYNNTNQEDLLVLWGIHHPNDAAEQTRLYQNPTTYISVGTSTLNQRLVPKIATRSKVNGQSGRMEFFWTILKSNDAINFESNGNFIAPENAYKIVKKGDSTIMKSELEYGNCNTKCQTPIGAINSSMPFHNIHPLTIGECPKYVKSNRLVLATGLRNS,A/Egypt/N03072/2010
DQICIGYHANNSTEQVDTIMEKNVTVTHAQDILEKTHNGKLCNLDGVKPLILRDCSVAGWLLGNPMCDEFLNVPEWSYIVEKINPANDLCYPGNFNDYEELKHLLSRINHFEKIQIIPKSSWSDHEAS-GVSSVCPYQGRSSFFRNVVWLTKKDNAYPTIKRSYNNTNQEDLLVLWGIHHPNDAAEQTRLYQNPTTYISVGTSTLNQRLVPKIATRSKVNGQSGRMEFFWTILKSNDAINFESNGNFIAPENAYKIVKKGDSTIMKSELEYGNCNTKCQTPIGAINSSMPFHNIHPLTIGECPKYVKSNRLVLATGLRNS,A/Egypt/N01644/2010
DQICIGYHANNSTEQVDTIMEKNVTVTHAQDILEKTHNGKLCNLDGVKPLILRDCSVAGWLLGNPMCDEFLNVPEWSYIVEKINPANDLCYPGNFNDYEELKHLLSRINHFEKIQIIPKNSWSDHEAS-GVSSACPYQGRSSFFRNVVWLTKKDNAYPTIKRSYNNTNQEDLLVLWGIHHPNDAAEQTRLYQNPTTYISVGTSTLNQRLVPKIATRSKVNGQSGRMEFFWTILKSNDAINFESNGNFIAPENAYKIVKKGDSTIMKSELEYGNCNTKCQTPIGAINSSMPFHNIHPLTIGECPKYVKSNRLVLATGLRNS,A/Egypt/1310-NAMRU3/2009
DQICIGYHANNSTEQVDTIMEKNVTVTHAQDILEKTHNGKLCDLDGVKPLILRDCSVAGWLLGNPMCDEFLNVPEWSYIVEKINPANDLCYPGNFNDYEELKHLLSRINHFEKIQIIPKSSWSDHEASSGVSSACPYQGRSSFFRNVVWLIKKNNAYPTIKRSYNNTNQEDLLVLWGIHHPNDAAEQTRLYQNPTTYISVGTSTLNQRLVPKIATRSKVNGQSGRMEFFWTILKPNDAINFESNGNFIAPENAYKIVKKGDSTIMKSELEYGNCNTKCQTPIGAINSSMPFHNIHPLTIGECPKYVKSNRLVLATGLRNS,A/Bar-headedGoose/Qinghai/1A/2005
DQICIGYHANNSTVQVDTIMEKNVTVTHAQDILEKTHNGKLCDLDGVKPLILRDCSVAGWLLGNPMCDEFINVPEWSYIVEKASPANDLCYPGDFNDYEELKHLLSRINHFEKIQIIPKSSWPNHEASLGVSSACPYLGKSSFFRNVVWLIKKNSAYPTIKRSYNNTNQEDLLVLWGIHHPNDAAEQIKLYQNPNTYISVGTSTLNQRLVPKIATRSKVNGQSGRMEFFWTILKPNDAINFESNGNFIAPEYAYKIVKKGDSAIMKSELEYGNCNTKCQTPMGAINSSMPFHNIHPLTIGECPKYVKSNRLVLATGLRNT,A/Chicken/Environment/HongKong/31.4/2002
DQICIGYHANNSTEQVDTIMEKNVTVTHAQDILEKTHNGKLCDLDGVKPLILRDCSVAGWLLGNPMCDEFINVPEWSYIVEKANPANDLCYPGNFNDYEELKHLLSRINHFEKIQIIPKSSWSDHEASSGVSSACPYQGTPSFFRNVVWLIKKNNTYPTIKRSYNNTNQEDLLVLWGIHHSNDAAEQTKLYQNPTTYISVGTSTLNQRLVPKIATRSKVNGQSGRMDFFWTILKPNDAINFESNGNFIAPEYAYKIVKKGDSAIMKSEVEYGNCNTKCQTPIGAINSSMPFHNIHPLTIGECPKYVKSNKLVLATGLRNS,A/Goose/Yunan/1136/2006
DQICIGYHANNSTEQVDTIMEKNVTVTHAQDILEKTHNGKLCDLDGVKPLILRDCSVAGWLLGNPMCDEFINVPEWSYIVEKASPANDLCYPGDFNDYEELKHLLSRINHFEKIQIIPKSSWSNHEASSGVSSACPYQGKPSFFRNVVWLIKKNSAYPTIKRSYNNTNQEDLLVLWGIHHPNNEAEQTELYQNPTTYISVGTSTLNQRLVPKIATRSKVNGQSGRMEFFWTILKPNDAINFESNGNFIAPEYAYKIVKKGDSAIMKSELEYGNCNTKCQTPMGAINSSMPFHNIHPLTIGECPKYVKSNRLVLATGLRNT,A/Goose/Vietnam/113/2001
DQICIGYHANNSTEQVDTIMEKNVTVTHAQDILEKTHNGKLCDLDGVKPLILRDCSVAGWLLGNPMCDEFLNVPEWSYIVEKINPANDLCYPGNFNDYEELKHLLSRINHFEKIQIIPKSSWSDHEASSGVSSACPYQGRSSFFRNVVWLIKKNDAYPTIKISYNNTNQEDLLVLWGIHHPNDAAEQTRLYQNPTTYISVGTSTLNLRLVPKIATRSKVNGQSGRMEFFWTILKPNDAINFESNGNFIAPENAYKIVKKGDSTIMKSELEYGNCNTKCQTPVGAINSSMPFHNIHPLTIGECPKYVKSNRLVLATGLRNS,A/Bangladesh/207095/2008
DQICIGYHANNSTEQVDTIMEKNVTVTHAQDILEKTHNGKLCNLDGVKPLILRDCSVAGWLLGNPMCDEFLNVPEWSYIVEKINPTNDLCYPGNFNDYEELKHLLSRINHFEKIQIIPKNSWSDHEAS-GVSSACPYQGRSSFFRNVVWLTKKNNAYPTIKRSYNNTNQEDLLVLWGIHHPNDAAEQTRLYQNPTTYISVGTSTLNQRLVPKIATRSKVNGQSGRMEFFWTILKSNDAINFESNGNFIAPENAYKIVKKGDSTIMKSELEYGNCNTKCQTPIGAINSSMPFHNIHPLTIGECPKYVKSNRLVLATGLRNS,A/Egypt/N11981/2009
DQICIGYHANNSTEQVDTIMEKNVTVTHAQDILEKTHNGKLCDLDGVKPLILRDCSVAGWLLGNPMCDEFINVPEWSYIVEKANPTNGLCYPGSFNDYEELKHLLSRINHFEKIQIIPKSSWSDHEASSGVSSACPYLGSPSFFRNVVWLIKKNSTYPTIKKSYNNTNQEDLLVLWGIHHPNDAAEQTRLYQNPTTYISIGTSTLNQRLVPKIATRSKVNGQSGRMEFFWTILNPNDAINFESNGNFIAPEYAYKIVKKGDSAIMKSELEYGNCNTKCQTPMGAINSSMPFHNIHPLTIGECPKYVKSNRLVLATGLRNS,A/Indonesia/Cdc357/2006
DQICIGYHANNSTEQVDTIMEKNVTVTHAQDILEKTHNGKLCDLDGVKPLILRDCSVAGWLLGNPMCDEFLNVPEWSYIVEKINPANDLCYPGDFNDYEELKHLLSRINHFEKIQIIPKSSWSDHEASSGVSSACPYQGRSSFFRNVVWLIKKDNAYPTIKRSYNNTNQEDLLVLWGIHHPNDAAEQTRLYQNPTTYISVGTSTLNQRLVPKIATRSKVNGQSGRMEFFWTILKPNDAINFESNGNFIAPENAYKIVKKGDSTIMKSELEYGNCNTKCQTPIGAINSSMPFHNIHPLTIGECPKYVKSSRLVLATGLRNS,A/Egypt/0211-NAMRU3/2007
DQICIGYHANNSTEQVDTIMEKNVTVTHAQDILEKTHNGKLCDLDGVKPLILRDCSVAGWLLGNPMCDEFLNVPEWSYIVEKINPANDLCYPGNFNDYEELKHLLSRINHFEKIQIIPKSSWSDHEASSGVSSACPYQGRSSFFRNVVWLIKKDNAYPTIKRSYNNTNQEDLLVLWGIHHPNDAAEQTRLYQNPTTYISVGTSTLNQRLVPKIATRSKVNGQSGRMEFFWTILKPNDAINFESNGNFIAPENAYKIVKKGDSTIMKSELEYGNCNTKCQTPIGAINSSMPFHNIHPLTIGECPKYVKSNRLVLATGLRNS,A/WhooperSwan/Mongolia/244/2005
DQICIGYHANNSTKQVDTIMEKNVTVTHAQDILEKTHNGKLCDLDGVKPLILRDCSVAGWLLGNPMCDEFLNVPEWSYIVEKINPANDLCYPGNFNDYEELKHLLSRINHFEKIQIIPKSSWSDHEASSGVSSACPYQGRSSFFRNVVWLIKKNNAYPTIKRSYNNTNQEDLLVLWGIHHPNDEAEQTRLYQNPTTYISVGTSTLNQRLVPKIATRSKVNGQSGRMEFFWTILKPNDAINFESNGNFIAPENAYKIVKKGDSTIMKSELEYGNCNTKCQTPIGAINSSMPFHNIHPLTIGECPKYVKSNRLVLATGLRNS,A/Chicken/Nigeria/So493/2006
DQICIGYHANNSTEQVDTIMEKNVTVTHAQDILEKTHNGKLCDLDGVKPLILRDCSVAGWLLGNPMCDEFINVPEWSYIVEKANPANDLCYPGDFNDYEELKHLLSRINHFEKIQIIPKNSWSSHEASLGVSSACPYQGKSSFFRNVVWLIKKNSAYPTIKRSYNNTNQEDLLVLWGIHHPNDAAEQTRLYQNPTTYISVGTSTLNQRLVPKIATRSKVNGQSGRMEFFWTILKPNDAINFESNGNFIAPEYAYKIVKKGDSAIMKSELEYGNCNTKCQTPMGAINSSMPFHNIHPLTIGECPKYVKSNRLVLATGLRNS,A/Goose/HongKong/739.2/2002
DHICIGYHANNSTEQVDTIMEKNVTVTHAQDILERTHNGRLCDLNGVKPLILKDCSVAGWLLGNPMCDEFINVPEWSYIVEKANPANDLCYPGNFNDYEELKHLLSRINHFEKIQIIPKDSWSDHEASLGVSSACPYQGNSSFFRNVVWLIKKDNAYPTIKKSYNNTNQEDLLVLWGIHHPNDEAEQTRLYQNPTTYISIGTSTLNQRLVPKIATRSKVNGQSGRIDFFWTILKPNDAINFESNGNFIAPEYAYKIVKKGDSTIMKSEVEYGNCNTRCQTPMGAINSSMPFHNIHPLTIGECPKYVKSNKLVLATGLRNS,A/Chicken/Korea/Gimje/2008
DQICIGYHANNSTEQVDTIMEKNVTVTHAQDILEKTHNGKLCDLDGVKPLILRDCSVAGWLLGNPMCDEFINVPEWSYIVEKANPANDLCYPGSLNDYEELKHLLSRINHFEKIQIIPKSSWSDHEASSGVSSACPYLGRPSFFRNVVWLIKKNSTYPTIKRSYNNTNQEDLLVLWGIHHPNDAAEQTRLYQNPTTYISVGTSTLNQRLIPKIATRSKVNGQSGRMEFFWTILKPNDAINFESNGNFIAPEYAYKIVKKGDSAIMKSELEYGNCNTKCQTPMGAINSSMPFHNIHPLTIGECPKYVKSNRLVLATGLRNS,A/Chicken/Purworejo/Bbvw/2005
DQICIGYHANNSTEQVDTIMEKNVTVTHAQDILEKTHNGKLCALDGVKPLILRDCSVAGWLLGNPMCDEFINVPEWSYIVEKANPANDLCYPGNFNDYEELKHLLSRINHFEKIQIIPKSSWSDHEASLGVSSACPYQGSSSFFRNVVWLIKKNNAYPTIKRSYNNTNQEDLLVLWGIHHPNNEAEQTRLYQNPTTYISIGTSTLNQRLVPKIATRSKVNGQSGRMDFFWTILKPNDAINFESNGNFIAPEYAYKIVKKGDSAIMKSEVEYGNCNTKCQTPMGAINSSMPFHNIHPLTIGECPKYVKSNKLVLATGLRNS,A/Duck/Yunnan/4400/2005
DQICIGYHANNSTEQVDTIMEKNVTVTHAQDILEKTHNGKLCDLDGVKPLILRDCSVAGWLLGNPMCDEFLNVPEWSYIVEKINPANDLCYPGNFNDYEELKHLLSRINHFEKIQIIPKSSWSDHEASSGVSSACPYQGRSSFFRNVVWLIKKDNAYPTIKRSYNNTNQEDLLVLWGIHHPNDAAEQTRLYQNPTTYISVGTSTLNQRLVPKIATRSKVNGQSGRMEFFWTILKSNDAINFESNGNFIAPENAYKIVKKGDSTIMKSELEYGNCNTKCQTPIGAINSSMPFHNIHPLTIGECPKYVKSNRLVLATGLRNS,A/Egypt/2991-NAMRU3/2006
DQICIGYHANNSTEQVDTIMEKNVTVTHAQDILEKTHNGKLCNLDGVKPLILKDCSVAGWLLGNPMCDEFLNVSEWSYIVEKASPANGLCYPGDFNDYEELKHLLSRINHLKKIKIIPKSYWSNHEASSGVSAACSYLGEPSFFRNVVWLIKKNNTYPPIKVNYTNTNQEDLLVLWGIHHPNDEKEQIRIYQNPNTSISVGTSTLNQRLVPKIATRPKVNGQSGRMEFFWTILKPNDSINFDSNGNFIAPEYAYKIAKKGDSVIMKSELEYGNCNTKCQTPMGAINSSMPFHNIHPLTIGECPKYVKSNRLVLATGLRNA,A/Chicken/Vietnam/Ncvd-016/2008
DQICIGYHANNSTEQVDTIMEKNVTVTHAQDILEKTHNGKLCNLDGVKPLILRDCSVAGWLLGNPMCDEFLNVPEWSYIVEKINPANDLCYPGNFNDYEELKHLLSRINHFEKIQIIPKDSWSDHEAS-GVSSACPYQGRSSFFRNVVWLTKKNNAYPTIKKSYNNTNQEDLLVLWGIHHPNDAAEQTRLYQNPTTYISVGTSTLNQRLVPKIATRSKVNGQSGRMEFFWTILKSNDAINFESNGNFIAPENAYKIVKKGDSTIMKSELEYGNCNTKCQTPIGAINSSMPFHNIHPLTIGECPKYVKSNRLVLATGLRNS,A/Egypt/N01982/2010
DQICIGYHANNSTEQVDTIMEKNVTVTHAQDILEKTHNGKLCDLDGVKPLILRDCSVAGWLLGNPMCDEFLNVSEWSYIVEKINPANDLCYPGNFNNYEELKHLLSRINRFEKIQIIPKSSWPDHEASLGVSSACPYQGGPSFYRNVVWLIKKNNTYPTIKKSYHNTNQEDLLVLWGIHHPNDEAEQTRIYKNPTTYISVGTSTLNQRLVPKIATRSKVNGQSGRVEFFWTILKSNDTINFESNGNFIAPENAYKIVKKGDSTIMKSELEYGNCNTKCQTPIGAINSSMPFHNIHPLTIGECPKYVKSNRLVLATGLRNS,A/Egypt/3300-NAMRU3/2008
DQICIGYHANNSTEQVDTIMEKNVTVTHAQDILEKTHNGKLCDLDGVKPLILRDCSVAGWLLGNPMCDEFINVPEWSYIVEKANPANDLCYPGNFNDYEELKHLLSRINHFEKIQIIPKSSWSDHEASSGVSSACPYQGVPSFFRNVVWLIKKNNTYPTIKRSYNNTNQEDLLILWGIHHSNDAAEQTKLYQNPTTYISVGTSTLNQRLVPKIATRSKVNGQSGRMDFFWTILKPNDAINFESNGNFIAPEYAYKIVKKGDSAIMKSEVEYGNCNTKCQTPIGAINSSMPFHNIHPLTIGECPKYVKSNKLVLATGLRNS,A/Chicken/Vietnam/Ncvd-74/2007
DQICIGYHANNSTEQVDTIMEKNVTVTHAQDILEKTHNGKLCNLDGVKPLILRDCSVAGWLLGNPMCDEFLNVPEWSYIVEKINPANDLCYPGNFNDYEELKHLLSRINHFEKIQIIPKNSWSDHEAS-GVSSACPYQGRSSFFRNVVWLTKKDNAYPTIKRSYNNTNQEDLLVLWGIHHPNDAAEQTRLYQNPTTYISVGTSTLNQRLIPKIATRSKVNGQSGRMEFFWTILKPNDAINFESNGNFIAPENAYKIVKKGDSTIMKSELEYGNCNTKCQTPIGAINSSMPFHNIHPLTIGECPKYVKSNRLVLATGLRNS,A/Egypt/2752-NAMRU3/2009
DQICIGYHANNSTEQVDTIMEKNVTVTHAQDILEKTHNGKLCDLDGVKPLILRDCSVAGWLLGNPMCDEFINVPEWSYIVEKANPVNDLCYPGDFNDYEELKHLLSRINHFEKIQIIPKSSWSSHEVSLGVSSACPYQGKSSFFRNVVWLIKKNSTYPTIKRSYNNTNQEDLLVLWGIHHPNDAAEQTKLYQNPTTYISVGTSTLNQRLVPRIATRSKVNGQSGRMEFFWTILKPNDAINFESNGNFIAPEYAYKIVKKGDSTIMKSELEYGNCNTKCQTPMGAINSSMPFHNIHPLTIGECPKYVKSNRLVLATGLRNS,A/Thailand/16/2004
DQICIGYHANNSTEQVDTIMEKNVTVTHAQDILEKTHNGKLCNLDGVKPLILRDCSVAGWLLGNPMCDEFLNVPEWSYIVEKINPANDLCYPGNFNDYEELKHLLSRINHFEKIQIIPKNSWSDHEAS-GVSSACPYQGRSSFFRNVVWLTKKDNAYPTIKRSYNNTNQEDLLVLWGIHHPNDAAEQTRLYQNPTTYISVGTSTLNQRLVPKIATRSKVNGQNGRMEFFWTILKSNDAINFESNGNFIAPENAYKIVKKGDSTIMKSELEYGNCNTKCQTPIGAINSSMPFHNIHPLTIGECPKYVKSNRLVLATGLRNS,A/Egypt/2546-NAMRU3/2008
DQICIGYHANNSTEQVDTIMEKNVTVTHAQDILEKTHNGKLCDLDGVKPLILRDCSVAGWLLGNPMCDEFINVPEWSYIVEKANPANGLCYPGNFNDYEELKHLLSRINHFEKLQIIPKSSWSDHEASLGVSSACPYLGRSSFFRNVVWLIKKNNTYPTIKRSYNNTNQEDLLVLWGLHHPNDAAEQTRLYQNPTTYISVGTSTLNQRLVPKIATRSKVNGQSGRMEFFWTILKPNDAINFESNGNFIAPEYAYKIVKKGDSAIMKSELEYGDCNTKCQTPMGAINSSMPFHNIHPLTIGECPKYVKSNRLVLATGLRNS,A/Indonesia/Cdc625/2006
DQICIGYHANNSTEQVDTIMEKNVTVTHAQDILEKTHNGKLCDLDGVKPLILRDCSVAGWLLGNPMCDEFINVPEWSYIVEKANPANDLCYPGNFNDYEELKHLLSRINHFEKIQIIPKSSWSDHEASSGVSSACPYQGKSSFFRNVVWLIKKNNAYPTIKRSYNNTNQEDLLVLWGIHHPNDAAEQTKLYQNPTTYISVGTSTLNQRLIPKIATRSKVNGQSGRMDFFWTILKPNDAINFESNGNFIAPEYAYKIVKKGDSAIMKSEVEYGNCNTKCQTPMGAINSSMPFHNIHPLTIGECPKYVKSDKLVLATGLRNS,A/Chicken/Guiyang/3570/2005
DQICIGYHANNSTEQVDTIMEKNVTVTHAQDILEKTHNGKLCDLDGVKPLILRDCSVAGWLLGNPMCDEFINVPEWSYIVEKANPANDLCYPGNFNDYEELKHLLSRINHFEKIQIIPKSSWSDHEASSGVSSACPYQGTPSFFRNVVWLIKKNNTYPTIKRSYNNTNQEDLLILWGIHHSNDAAEQTKLYQNPTTYISVGTSTLNQRLVPKIATRSKVNGQSGRMDFFWTILKPNDAINFESNGNFIAPEYAYKIVKTGDSAIMKSEVEYGNCNTKCQTPIGAINSSMPFHNIHPLTIGECPKYVKSNKLVLATGLRNS,A/Munia/HongKong/2454/2006
DQICIGYHANNSTEQVDTIMEKNVTVTHAQDILEKTHNGKLCDLDGVKPLILRDCSVAGWLLGNPMCDEFLNVPEWSYIVEKINPANDLCYPGNFNDYEELKHLLSRINHFEKIQIIPKSSWSDHEASSGVSSACPYQGRSSFFRNVVWLIKKNDAYPTIKRSYNNTNQEDLLVLWGIHHPNDAAEQTRLYQNPTTYISVGTSTLNQRLVPKIATRSKVNGQSGRMEFFWTILKPNDAINFESNGNFIAPENAYKIVKKGDSTIMKSELEYGNCNTKCQTPIGAINSSMPFHNIHPLTIGECPKYVKSNRLVLATGLRNS,A/Chicken/India/Niv-33487/2006
DQICIGYHANNSTKQVDTIMEKNVTVTHAQDILEKTHNGKLCDLDGVKPLILRDCSVAGWLLGNPMCDEFLNVPEWSYIVEKINPANDLCYPGNFNDYEELKHLLSRINHFEKIQIIPKSSWSDHEASSGVSSACPYQGRSSFFRNVVWLIKKDNAYPTIKRSYNNTNQEDLLVLWGIHHPNDEAEQTRLYQNPTTYISVGTSTLNQRLVPKIATRSKVNGQSGRMEFFWTILKPNDAINFESNGNFIAPENAYKIVKKGDSTIMKSELEYGNCNTKCQTPIGAINSSMPFHNIHPLTIGECPKYVKSNRLVLATGLRNS,A/Chicken/Nigeria/So300/2006
DQICIGYHANNSTEQVDTIMEKNVTVTHAQDILEKTHNGKLCDLDGVKPLILRDCSVAGWLLGNPMCDEFINVPEWSYIVEKANPANDLCYPGNFNDYEELKHLLSRINHFEKIQIIPKSSWSDHEASSGVSSACPYQGTPSFFRNVVWLIKKNNTYPTIKRSYNNTNQEDLLILWGIHHSNDAAEQTKLYQNPTTYVSVGTSTLNQRLVPKIATRSKVNGQSGRMDFFWTILKPNDAINFESNGNFIAPEYAYKIVKKGDSAIMKSEVEYGNCNTKCQTPIGAINSSMPFHNIHPLTIGECPKYVKSNKLVLATGLRNS,A/CommonMagpie/HongKong/645/2006
DQICIGYHANNSTEQVDTIMEKNVTVTHAQDILEKTHNGKLCNLDGVKPLILRDCSVAGWLLGNPMCDEFLNVPEWSYIVEKINPANDLCYPGNFNDYEELKHLLSRINHFEKIQIIPKNSWSDHEAS-GVSSACPYQGRSSFFRNVVWLTQKNNAYPTIKKSYNNTNQEDLLVLWGIHHPNDAAEQTRLYQNPTTYISVGTSTLNQRLVPKIATRSKVNGQSGRMEFFWTILKSNDVINFESNGNFIAPENAYKIVKKGDSTIMKSELEYGNCNTKCQTPIGAINSSMPFHNIHPLTIGECPKYVKSNRLVLATGLRNS,A/Egypt/N02038/2010
DQICIGYHANNSTEQVDTIMEKNVTVTHAQDILEKTHNGKLCDLDGVKPLILRDCSVAGWLLGNPMCDKFNDVPEWSYIVEKANPANDLCYPGNLNDYEELKHLLSRINHFEKIQIFPKSSWSDHEASLGVSAACPYQGMPSFFRNVVWLIKKNNTYPTIKSSYNNTNQEDLLILWGIHHSNDEAEQTKLYQNSNTYISVGTSTLNQRLVPKIATRSKVNGQSGRMDFFWTILKPNDAINFESNGNFIAPEYAYKIVKKGDSAIMKSEVGYGDCNTKCQTPIGAINSSMPFHNIHPLTIGECPKYVKSNKLVLATGLRNS,A/Falcon/HongKong/2142/2008
DQICIGYHANNSTEQVDTIMEKNVTVTHAQDILEKTHNGKLCNLDGVKPLILRDCSVAGWLLGNPMCDEFLNVPEWSYIVEKINPANDLCYPGNFNDYEELKHLLSRINHFEKIQIIPKNSWSDHEAS-GVSSACPYQGRSSFFRNVVWLTKKDNAYPTIKRSYNNTNQEDLLVLWGIHHPNDAAEQTRLYQNPTTYISVGTSTLNQRLVPKIATRSKVNGQIGRMEFFWTILKSNDAINFESNGNFIAPENAYKIVKKGDSTIMKSELEYGNCNTKCQTPIGAINSSMPFHNIHPLTIGECPKYVKSNRLVLATGLRNS,A/Egypt/2289-NAMRU3/2008
DQICIGYHANNSTEQVDTIMEKNVTVTHAQDILEKTHNGKLCDLDGVKPLILRDCSVAGWLLGNPMCDEFLNVPEWSYIVEKINPANDLCYPGNFNDYEELKHLLSRINHFEKIQIIPKSSWSDHEASAGVSSACPYQGRSSFFRNVVWLIKKDNAYPTIKRSYNNTNQEDLLVLWGIHHPNDAAEQTRLYQNPTTYISVGTSTLNQRLVPKIATRSKVNGQSGRMEFFWTILKPNDAINFESNGNFIAPENAYKIVKKGDSTIMKSELEYGNCNTKCQTPIGAINSSMPFHNIHPLTIGECPKYVKSSRLVLATGLRNS,A/Turkey/Turkey/1/2005
DQICIGYHANNSTEQVDTIMEKNVTVTHAQDILEKTHNGKLCDLDGVKPLILRDCSVAGWLLGNPMCDEFLNVPEWSYIVEKINPANDLCYPGDFNDYEELKHLLSRINHFEKIQIIPKSSWSDHEASSGVSSACPYQGRSSFFRNVVWLIKKDNAYPTIKRSYNNTNQEDLLVLWGIHHPNDAAEQTRLYQNPTTYISVGTSTLNQRLVPKIATRSKVNGQSGRMEFFWTILKPNDAINFESNGNFIAPENAYKIVKKGDSTIMKSELEYGNCNTKCQTPIGAINSSMPFHNIHPLTIGECPKYVKSNRLVLATGLRNS,A/Egypt/3158-NAMRU3/2008
DQICIGYHANNSTEQVDTIMEKNVTVTHAQDILEKTHNGKLCNLDGVKPLILRDCSVAGWLLGNPMCDEFLNVPEWSYIVEKINPANDLCYPGNFNDYEELKHLLSRINHFEKIQIIPKNSWSDHEAS-GVSSSCPYQGRSSFFRNVVWLTKKDNAYPTIKRSYNNTNQEDLLVLWGIHHPNDAAEQTRLYQNPTTYISVGTSTLNQRLVPKIATRSKVNGQSGRMEFFWTILKSNDAINFGSNGNFIAPENAYKIVKKGDSTIMKSELEYGNCNTKCQTPIGAINSSMPFHNIHPLTIGECPKYVKSNRLVLATGLRNS,A/Egypt/4396-NAMRU3/2009
DQICIGYHANNSTEQVDTIMEKNVTVTHAQDILEKTHNGKLCDLDGVKPLILRDCSVAGWLLGNPMCDEFINVPEWSYIVEKANPANDLCYPGNFNDYEELKHLLSRINHFEKIQIIPKSSWSDHEASSGVSSACPYQGTPSFFRNVVWLIKKNNTYPTIKRSYNNTNQEDLLILWGIHHSNDAAEQTKLYQNPTTYISVGTSTLNQRLVPKIATRSKVNGQSGRMDFFWTILKPNDAINFESNGNFIAPEYAYKIVKKGDSAIVKSEVEYGNCNTKCQTPIGAINSSMPFHNIHPLTIGECPKYVKSNKLVLATGLRNS,A/Anhui/1/2005
DQICIGYHANNSTEQVDTIMEKNVTVTHAQDILEKTHNGKLCDLDGVKPLILRDCSVAGWLLGNPMCDEFINVPEWSYIVEKANPANDLCYPGNFNDYEELKHLLSRINHFEKIQIIPKSSWSDHEASSGVSSACPYQGTPSFFRNVIWLIKKNNTYPTIKRSYNNTNQEDLLILWGIHHSNDAAEQTKLYQNPTTYISVGTSTLNQRLVPKIATRSKVNGQSGRMDFFWTILKPNDAINFESNGNFIAPEYAYKIVKKGDSAIMKSEVEYGNCNTKCQTPIGAINSSMPFHNIHPLTIGECPKYVKSNKLVLATGLRNS,A/Chicken/HongKong/947/2006
DQICIGYHANNSTEQVDTIMEKNVTVTHAQDILEKTHNGKLCDLDGVKPLILRDCSVAGWLLGNPMCDEFINVPEWSYIVEKANPVNDLCYPGDFNDYEELKHLLSRINHFEKIQIIPKSSWSSHEASLGVSSACPYQGKSSFFRNVVWLIKKNSTYPTIKRSYNNTNQEDLLVLWGIHHPNDAAEQTKLYQNPTTYISVGTSTLNQRLVPRIATRSKVNGQSGRMEFFWTILKPNDAINFESNGNFIAPEYAYKIVKKGDSTIMKSELEYGNCNTKCQTPMGAINSSMPFHNIHPLTIGECPKYVKSNRLVLATGLRNS,A/Vietnam/1194/2004
DQICIGYHANNSTKQVDTIMEKNVTVTHAQDILEKTHNGKLCDLDGVKPLILRDCSVAGWLLGNPMCDEFINVPEWSYIVEKANPANDLCYPGNFNDYEELKHLLSRINHFEKIQIIPKSSWSDHEASLGVSSACSYQGTPSFFRNVVWLIKKNNTYPTIKRSYNNTNQEDLLILWGIHHSNDAAEQTKLYQNPTTYISVGTSTLNQRLVPKIATRSKVNGQSGRMDFFWTILKPNDAINFESNGNFIAPEYAYKIVKKGDSAIMKSEVEYGNCNTKCQTPIGAINSSMPFHNIHPLTIGECPKYVKSNKLVLATGLRNS,A/Chicken/Vietnam/Ncvd-109/2007
DQICIGYHANNSTEQVDTIMEKNVTVTHAQDILEKTHNGKLCDLDGVKPLILRDCSVAGWLLGNPMCDEFINVPEWSYIVEKANPTNDLCYPGSFNDYEELKHLLSRINHFEKIQIIPKSSWSDHEASSGVSSACPYLGSPSFFRNVVWLIKKNSTYPTIKKSYNNTNQEDLLVLWGIHHPNNEAEQTRLYQNPTTYISIGTSTLNQRLVPKIATRSKVNGQSGRMEFFWTILKPNDAINFESNGNFIAPEYAYKIVKKGDSAIMKSELEYGNCNTKCQTPMGAINSSMPFHNIHPLTIGECPKYVKSNRLVLATGLRNS,A/Indonesia/Cdc1031/2007
DQICIGYHANNSTEQVDTIMEKNVTVTHAQDILEKTHNGKLCDLDGVKPLILRDCSVAGWLLGNPMCDEFINVPEWSYIVEKANPANDLCYPGNFNDYEELKHLLSRINHFEKIQIIPKSSWSDHEASSGVSSACPYQGTPSFFRNVVWLIKKNNTYPTIKRSYNNTNQEDLLILWGIHHSNDAAEQTKLYQNPTTYISVGTSTLNQRLVPKIATRSKVNGQSGRMDFFWTILKPNDAINFESNGNFIAPEYAYKIVKKGDSAIIKSEVEYGNCNTKCQTPIGAINSSMPFHNIHPLTIGECPKYVKSNKLVLATGLRNS,A/Duck/Laos/3295/2006
DQICIGYHANNSTEQVDTIMEKNVTVTHAQDILEKTHNGKLCDLDGVKPLILRDCSVAGWLLGNPMCDEFINVPEWSYIVEKANPANGLCYPGNFNDYEELKHLLSRINHFEKIQIIPKSSWSDHEASLGVSSACPYQGSSSFFRNVVWLIKKNNAYPTIKRSYNNTNQEDLLVLWGIHHPNDEAEQTRLYQNPTTYVSIGTSTLNQRLVPKIATRSKVNGQSGRMDFFWTILKPNDAINFESNGNFIAPEYAYKIVKKGDSAIMKSEVEYGNCNTKCQTPMGAINSSMPFHNIHPLTIGECPKYVKSNKLVLATGLRNS,A/MuscovyDuck/Vietnam/1455/2006
DHICIGYHANNSTEQVDTIMEKNVTVTHAQDILEKTHNGKLCDLNGVKPLILKDCSVAGWLLGNPMCDEFIDVPEWSYIVEKANPANDLCYPGNFNDYEELKHLLSRINHFEKIQIIPKDSWSDHEASLGVSSACPYQGNSSFFRNVVWLIKKDNAYPTIKKSYNNTNKEDLLVLWGIHHPNDEAEQTRLYQNPTTYISIGTSTLNQRLVPRIATRSKVNGQSGRIDFFWTILKPNDAINFESNGNFIAPEYAYKIVKKGDSTIMKSEVEYGNCNTRCQTPMGAINSSMPFHNIHPLTIGECPKYVKSNKLVLATGLRNS,A/GreyHeron/HongKong/1046/2008
DQICIGYHANNSTEQVDTIMEKNVTVTHAQDILEKTHNGKLCNLDGVKPLILRDCSVAGWLLGNPMCDEFLNVPEWSYIVEKINPANDLCYPGNFNDYEELKHLLSRINHFEKIQIIPKNSWSDHEAS-GVSSACPYQGRSSFFRNVVWLTKKNNAYPTIKKSYNNTNQEDLLVLWGIHHPNDAAEQTRLYQNPTTYISVGTSTLNQRLVPKIATRSKVNGQSGRMEFFWTILKSNDAINFESNGNFIAPENAYKIVKKGDSTIMKSELEYGNCNTKCQTPIGAINSSMPFHNIHPLTIGECPKYVKSNRLVLATGLRNS,A/Egypt/9539-NAMRU3/2009
DQICIGYHANNSTEQVDTIMEKNVTVTHAQDILEKTHNGKLCDLDGVKPLILRDCSVAGWLLGNPMCDEFINVPEWSYIVEKANPANDLCYPGNFNDYEELKHLLSRINHFEKIQIIPKSSWSDHEASSGVSSACPYQGVPSFFRNVVWLIKKNNTYPTIKRSYNNTNQVDLLILWGIHHSNDAAEQTKLYQNPTTYISVGTSTLNQRLVPKIATRSKVNGQSGRMDFFWTILKPNDAINFESNGNFIAPEYAYKIVKKGDSTIMKSEVEYGNCNTKCQTPIGAINSRMPFHNIHPLTIGECPKYVKSNKLVLATGLRNS,A/Duck/Vietnam/Ncvd-187/2008
DQICIGYHANNSTEQVDTIMEKNVTVTHAQDILEKTHNGKLCNLDGVKPLILRDCSVAGWLLGNPMCDEFLNVPEWSYIVEKINPANDLCYPGNFNDYEELKHLLSRINHFEKIQIIPKNSWSDHEAS-GVSSACPYQGRSSFFRNVVWLTKKDNAYPTIKRSYNNTNQEDLLVLWGIHHPNDAAEQTRLYQNPTTYISVGTSTLNQRLVPKIATRSKVNGQNGRMEFFWTILKSNDAINFESNGNFIAPENAYKIVKKGDSTIMKSELEYGNCNTKCQTPIGAINSSMPFHNIHPLTIGECPKYVKSNRLVLATGLRNS,A/Egypt/3228-NAMRU3/2009
DQICIGYHANNSTEQVDTIMEKNVTVTHAQDILEKTHNGKLCDLDGVKPLILRDCSVAGWLLGNPMCDEFINVPEWSYIVEKANPANDLCYPGNFNDYEELKHLLSRINHFEKIQIIPKSSWSDHEASSGVSSACPYQGTPSFFRNVVWLIKKNNKYPTIKRSYNNTNQEDLLILWGIHHSNDAAEQTKLYQNPTTYISVGTSTLNQRLVPKIATRSKVNGQSGRMDFFWTILKPNDAINFESNGNFIAPEYAYKIVKTGDSAIMKSEVEYGNCNTKCQTPIGAINSSMPFHNIHPLTIGECPKYVKSNKLVLATGLRNS,A/JapaneseWhiteEye/HongKong/1038/2006
DQICIGYHANNSTEQVDTIMEKNVTVTHAQDILEKTHNGKLCDLDGVKPLILRDCSVAGWLLGNPMCDEFINVPEWSYIVEKANPANDLCYPGNFNDYEELKHLLSRINHFEKIQIIPKSSWSDHEASSGVSSACPYQGTPSFFRNVVWLIKKNNTYPPIKRSYNNTNQEDLLILWGIHHSNDAAEQTKLYQNPTTYISVGTSTLNQRLVPKIATRSKVNGRSGRMDFFWTILKPNDAINFESNGNFIAPEYAYKIVKKGDSAIMKSEVEYGNCNTKCQTPIGAINSSMPFHNIHPLTIGECPKYVKSNKLVLATGLRNS,A/Anhui/2/2005
DQICIGYHANNSTEQVDTIMEKNVTVTHAQDILEKTHNGKLCDLDGVKPLILRDCSVAGWLLGNPMCDEFINVPEWSYIVEKANPANDLCYPGNFNDYEELKHLLSRINHFEKIQIIPKSSWSDHEASLGVSSACPYQGTPSFFRNVVWLIKKNNTYPTIKRSYNNTNQEDLLILWGIHHSNDAAEQTKLYQNPTTYISVGTSTLNQRLVPKIATRSKVNGQSGRMDFFWTILKPNDAINFESNGNFIAPEYAYKIVKKGDSAIMKSEVEYGNCNTKCQTPIGAINSSMPFHNIHPLTIGECPKYVKSNKLVLATGLRNS,A/Chicken/Guangxi/463/2006
DQICIGYHANNSTEQVDTIMEKNVTVTHAQDILEKTHNGKLCDLDGVKPLILRDCSVAGWLLGNPMCDEFINVPEWSYIVEKANPVNDLCYPGDFNDYEELKHLLSRINHFEKIQIIPKSSWSSHEASLGVSSACPYQGKSSFFRNVVWLIKKNSTYPTIKRSYNNTNQEDLLVMWGIHHPNDAAEQTKLYQNPTTYISVGTSTLNQRLVPRIATRSKVNGQSGRIEFFWTILKPNDAINFESNGNFIAPEYAYKIVKKGDSTIMKSELEYGNCNTKCQTPMGAINSSMPFHNIHPLTIGECPKYVKSNRLVLATGLRNS,A/Vietnam/Jp4207/2005
DQICIGYHANNSTEQVDTIMEKNVTVTHAQDILEKTHNGKLCDLDGVKPLILRDCSVAGWLLGNPMCDEFLNVPEWSYIVEKINPANDLCYPGDFNDYEELKHLLSRINHFEKIQIIPKSSWSDHEASSGVSSACPYQGRSSFFRNVVWLIKKDNAYPTIKRSYNNTNQEDLLVLWGIHHPNDAAEQTRLYHNPTTYISVGTSTLNQRLVPKIATRSKVNGQSGRMEFFWTILKPNDAINFESNGNFIAPENAYKIVKKGDSTIMKSELEYGNCNTKCQTPIGAINSSMPFHNIHPLTIGECPKYVKSSRLVLATGLRNS,A/Egypt/4526-NAMRU3/2009
--------------QVDTIMEKNVTVTHAQDILEKTHNGKLCDLNGVKPLILKDCSVAGWLLGNPLCDEFINVPEWSYIVEKANPANDLCYPGNFNDYEELKHLLSRINHFEKIQIIPKDSWSDHEASLGVSAACSYQGNSSFFRNVVWLIKKDNAYPTIKKGYNNTNREDLLVLWGIHHPNDEAEQTRLYQNPITYISIGTSTLNQRLVPKIATRSKINGQSGRIDFFWTILKPNDAIHFESNGNFIAPEYAYKIVKKGDSTIMRSEVEYGNCNTRCQTPIGAINSSMPFHNIHPLTIGECPKYVKSNKLVLATGLRNS,A/HongKong/6841/2010
DQICIGYHANNSTEQVDTIMEKNVTVTHAQDILEKTHNGKLCDLDGVKPLILRDCSVAGWLLGNPMCDEFINVPEWSYIVEKANPANGLCYPGNFNDYEELKHLLSRINHFEKIQIIPKSSWSDHEASSGVSSACPHQGVPSFFRNVVWLIKKNNTYPTIKRSYNNTNQEDLLILWGIHHSNDAAEQTKLYQNPTTYISVGTSTLNQRLVPTIATRSKVNGQSGRMDFFWTILKPNDAINFESNGNFIAPEYAYKIVKKGDSAIMKSEVEYGNCNTKCQTPIGAINSSMPFHNIHPLTIGECPKYVKSNKLVLATGLRNS,A/Chicken/Vietnam/Ncvd-279/2009
DQICIGYHANNSTEQVDTIMEKNVTVTHAQDILEKTHNGKLCDLDGVKPLILRDCSVAGWLLGNPMCDEFINVPEWSYIVEKANPANDLCYPGNFNDYEELKHLLSRINHFEKIQIIPKSSWSDHEASLGVSSACPYQGSSSFFRNVVWLIKKNNAYPTIKRSYNNTNQEDLLVLWGIHHPNDEAEQTRLYQNPTTYISIGTSTLNQRLVPKIATRSKVNGQSGRMDFFWTILKPNDAINFESNGNFIAPEYAYKIVKKGDSAIMKSEVEYGNCNTKCQTPMGAINSSMPFHNIHPLTIGECPKYVKSNKLVLATGLRNS,A/Duck/Hunan/1265/2005
DQICIGYHANNSTEQVDTIMEKNVTVTHAQDILEKTHNGKLCDLDGVKPLILRDCSVAGWLLGNPMCDEFINVPEWSYIVEKANPANDLCYPGNFNDYEELKHLLSRINHFEKIQIIPKSSWSDHEASSGVSSACPYQGVPSFFRNVVWLIKKNNTYPTIKRSYNNTNQEDLLILWGIHHSNDATEQTKLYQNPITYISVGTSTLNQRLVPKIATRSKVNGQSGRMDFFWTILKPNDAINFESNGNFIAPEYAYKIVKKGDSAIMKSEVEYGNCNTKCQTPIGAINSSMPFHNIHPLTIGECPKYVKSNKLVLATGLRNS,A/Duck/Vietnam/Ncvd-014/2008
DHICIGYHANNSTEQVDTIMEKNVTVTHAQDILEKTHNGKLCDLNGVKPLILKDCSVAGWLLGNPMCDEFINVPEWSYIVEKANPANDLCYPGNFNDYEELKHLLSRINHFEKIQIIPKDSWSDHEASLGVSAACPYQGNSSFFRNVVWLIKKDNAYPTIKKGYNNTNQEDLLVLWGIHHPNDEAEQIKLYQNPTTYISIGTSTLNQRLVPKIATRSKINGQSGRIDFFWTILKPNDAIHFESNGNFIAPEYAYKIVKKGDSTIMKSEVEYGNCNTRCQTPIGAINSSMPFHNIHPLTIGECPKYVKSNKLVLATGLRNS,A/Chicken/VietNam/NCVD-700/2011
DQICIGYHANNSTEQVDTIMEKNVTVTHAQDILEKTHNGKLCDLDGVKPLILRDCSVAGWLLGNPMCDEFINVPEWSYIVEKANPANGLCYPGNFNDYEELKHLLSRINHFEKLQIIPKSSWSDHEASLGVSSACPYLGRSSFFRNVVWLIKKNNTYPTIKRSYNNTNQEDLLVLWGLHHPNDAAEQTRLYQNPTTYISVGTSTLNQRLVPKIATRSKVNGQSGRMEFFWTILKPNDAINFESNGNFIAPEYAYKIVKKGDSAIMKSELEYGDCNTKCQTPMGAINSSMPFHNIHPLTIGECPKYVKSNRLVLATGLRNS,A/Indonesia/Cdc625l/2006
DHICIGYHANNSTEQVDTIMEKNVTVTHAQDILEKTHNGKLCDLNGVKPLILKDCSVAGWLLGNPMCDEFIDVPEWSYIVEKANPANDLCYPGNFNDYEELKHLLSRINHFEKIRIIPKDSWPDHEASLGVSAACSYQGNSSFFRNVVWLLKKDNAYPIIKKSYNNTNKEDLLVLWGIHHPNDEAEQTRLYQNPTTYVSIGTSTLNQRLVPRIATRSKVNGQSGRIDFFWTILKPNDAINFESNGNFIAPEYAYKIVKKGDSTIMRSEVEYGNCSTRCQTPMGAINSSMPFHNIHPLTIGECPKYVKSNKLVLATGLRNS,A/common_magpie/Hong_Kong/5052/2007
DQICIGYHANNSTEQVDTIMEKNVTVTHAQDILEKTHNGKLCDLDGVKPLILRDCSVAGWLLGNPMCDEFINVPEWSYIVEKANPTNDLCYPGSFNDYEELKHLLSRINHFEKIQIIPKSSWSDHEASSGVSSACPYLGSPSFFRNVVWLIKKNSTYPTIKKSYNNTNQEDLLVLWGIHHPNDAAEQTRLYQNPTTYISIGTSTLNQRLVPKIATRSKVNGQSGRMEFFWTILKPNDAINFESNGNFIAPEYAYKIVKKGDSAIMKSELEYGNCNTKCQTPMGAINSSMPFHNIHPLTIGECPKYVKSNRLVLATGLRNS,A/Indonesia/5/2005_(IBCDC-RG2)
DQICIGYHANNSTKQVDTIMEKNVTVTHAQDILEKTHNGKLCDLNGVKPLILKDCSVAGWLLGNPMCDEFIRVPEWSYIVERANPANDLCYPGTLNDYEELKHLLSRINHFEKNLIIPRSSWPNHETSLGVSAACPYQGASSFFRNVVWLIKKNDAYPTIKISYNNTNREDLLILWGIHHSNNAAEQTNLYKNPDTYVSVGTSTLNQRLVPKIATRSQVNGQSGRMDFFWTILKPNDAIHFESNGNFIAPEYAYKIVKKGDSTIMKSEMEYGHCNTKCQTPIGAINSSMPFHNIHPLTIGECPKYVKSNKLVLATGLRNS,A/np/Washington/40964/2014
DQICIGYHANNSTEQVDTIMEKNVTVTHAQDILEKTHNGRLCDLNGVKPLILKDCSVAGWLLGNPMCDEFIRVPEWSYIVERANPANDLCYPGNLNDYEELKHLLSRINHFEKTLIIPKSSWPNHETSLGXSAXCPYQGMPSFFRNVVWLTKKNDTYPTIKMSYNNTNREDLLILWGIHHSNNAAEQTNLYKNPTTYVSVGTATLNQRLVPKIATRSQVNGQRGRMDFFWTILKPNDAIHFESNGNFIAPEYAYKIVKKGDSTIMKSEMEYGHCNTKCQTPIGAINSSMPFHNIHPLTIGECPKYVKSNKLVLATGLRNS,A/Guangdong/99710/2014_(H5N6)
DQICIGYHANNSTKQVDTIMEKNVTVTHAQDILEKTHNGKLCDLNGVKPLILKDCSVAGWLLGNPMCDEFIRVPEWSYIVERANPANDLCYPGTLNDYEELKHLLSRINHFEKTLIIPRSSWPNHETSLGVSAACPYQGASSFFRNVVWLIKKNDAYPTIKISYNNTNREDLLILWGIHHSNNAAEQTNLYKNPDTYVSVGTSTLNQRLVPKIATRSQVNGQSGRMDFFWTILKPNDAIHFESNGNFIAPEYAYKIVKKGDSTIMKSEMEYGHCNTKCQTPIGAINSSMPFHNIHPLTIGECPKYVKSNKLVLATGLRNS,A/gyrfalcon/Washington/41088-6/14_IDCDC-RG43A
DQICIGYHANNSTKQVDTIMEKNVTVTHAQDILEKTHNGKLCDLNGVKPLILKDCSVAGWLLGNPMCDEFIRVPEWSYIVERANPANDLCYPGTLNDYEELKHLLSRINHFEKTLIIPKSSWPNHETSLGVSAACPYQGASSFFRNVVWLIKKNDAYPTIKISYNNTNREDLLILWGIHHSNNAAEQTNLYKNPDTYVSVGTSTLNQRLVPKIATRSQVNGQRGRMDFFWTILKPNDAIHFESNGNFIAPEYAYKIVKKGDSTIMKSEVEYGHCNTKCQTPIGAINSSMPFHNIHPLTIGECPKYVKSNKLVLATGLRNS,A/mallard/Korea/W452/2014
DQICIGYHANNSTKQVDTIMEKNVTVTHAQDILEKTHNGKLCDLNGVKPLILKDCSVAGWLLGNPMCDEFIRVPEWSYIVERANPANDLCYPGTLNDYEELKHLLSRINHFEKTLIIPKSSWPNHETSLGVSAACPYQGASSFFRNVVWLIKKNDAYPTIKISYNNTNREDLLILWGIHHPNNAEEQTNLYKNPDTYVSVGTSTLNQRLVPKIATRSQVNGQRGRMDFFWTILKPNDAIHFESNGNFIAPEYAYKIVKKGDSTIMKSEVEYGYCNTKCQTPIGAINSSMPFHNIHPLTIGECPKYVKSNKLVLATGLRNS,A/duck/England/36254/2014
DQICIGYHANNSTEQVDTIMEKNVTVTHAQDILEKTHNGKLCDLNGVKPLILKDCSVAGWLLGNPMCDEFIRVPEWSYIVERANPANDLCYPGNLNDYEELKHLLSRINHFEKILIIPKSSWTNHETSLGVSAACPYQGTPSFFRNVVWLIKKNDAYPTIKISYNNTNQEDLLILWGVHHSNNAAEQTNLYKNPTTYISVGTSTLNQRLVPKIATRSQVNGQRGRMDFFWTILKPNDAIHFESNGNFIAPEYAYKIVKKGDSTIMKSEMEYGHCNTKCQTPIGAINSSMPFHNIHPLTIGECPKYVKSNKLVLATGLRNS,A/Sichuan/2622120/2014_RG42A
DQICIGYHANNSTEQVDTIMEKNVTVTHAQDILEKTHNGKLCDLNGVKPLILKDCSVAGWLLGNPMCDEFIRVPEWSYIVERANPANDLCYPGNLNDYEELKHLLSRINHFEKTLIIPKSSWPNH-TSSGVSAACPYQGMPSFFRNVVWLTKKNDAYPTIKMSYNNTNREDLLILWGIHHSNNAAEQTNLYKNPTTYVSVGTSTLNQRLVPKIATRSQVNGQSGRMDFFWTILKPNDAIHFESNGNFIAPEYAYKIVKKGDSTIMKSEMEYGYCNTKCQTPIGAINSSMPFHNIHPLTIGECPKYVKSNKLVLATGLRNS,A/o.magpie_robin/HK/6154/2015
DHICIGYHANNSTEQVDTIMEKNVTVTHAQDILEKTHNGKLCDLNGVKPLILKDCSVAGWLLGNPMCDEFINVPEWSYIVEKANPANDLCYPGNFNDYEELKHLLSRINHFEKIQIIPKDSWSDHEASLGVSSACPYQGNSSFFRNVVWLIKKGNAYPTIKKSYNNTNQEDLLVLWGIHHPNDEAEQTRLYQNPTTYISIGTSTLNQRLVPKIATRSKVNGQSGRIDFFWTILKPNDAINFESNGNFIAPEYAYKIVKKGDSTIMKSEVEYGNCNTRCQTPMGAINSSMPFHNIHPLTIGECPKYVKSNKLVLATGLRNS,A/c_magpie/Hong_Kong/5052/2007
DHICIGYHANNSTEQVDTIMEKNVTVTHAQDILEKTHNGKLCDLNGVKPLILKDCSVAGWLLGNPMCDEFINVPEWSYIVEKANPANDLCYPGNFNDYEELKHLLSRINHFEKIQIIPKNSWSDHEASLGVSAACPYQGKSSFFRNVVWLIKKDNAYPTIKKGYNNTNQEDLLVLWGIHHPNDEAEQTRLYQNPTTYISIGTSTLNQRLVPKIATRSKINGQSGRIDFFWTILKPNDAIHFESNGNFIAPEYAYKIVKKGDSTIMKSEVEYGNCNTRCQTPIGAINSSMPFHNIHPLTIGECPKYVKSNKLVLATGLRNS,A/Hubei/1/2010_IDCDC_RG-30_(HUB)
DQICIGYHANNSTEQVDTIMEKNVTVTHAQDILEKTHNGKLCDLNGVKPLILKDCSVAGWLLGNPMCDEFIRVPEWSYIVERANPANDLCYPGSLNDYEELKHLLSRINHFEKILIIPKSSWPDHETSLGVSAACPYQGTPSFFRNVVWLIKKNDAYPTIKISYNNTNREDLLILWGIHHSNNAAEQTNLYKNPTTYVSVGTSTLNQRLVPKIATRSQVNGQRGRMDFFWTILKPNDAIHFESNGNFIAPEYAYKIVKKGDSTIMKSEVEYGHCNTKCQTPIGAINSSMPFHNIHPLTIGECPKYVKSNKLVLATGLRNS,A/bh_goose/Mongolia/X53/2009_(HK)
--------------QVDTIMEKNVTVTHAQDILEKTHNGKLCDLNGVKPLILKDCSVAGWLLGNPLCDEFINVPEWSYIVEKANPANDLCYPGNFNDYEELKHLLSRINHFEKIQIIPKDSWSDHEASLGVSAACSYQGNSSFFRNVVWLIKKDNAYPTIKKGYNNTNREDLLVLWGIHHPNDEAEQTRLYQNPITYISIGTSTLNQRLVPKIATRSKINGQSGRIDFFWTILKPNDAIHFESNGNFIAPEYAYKIVKKGDSTIMRSEVEYGNCNTRCQTPIGAINSSMPFHNIHPLTIGECPKYVKSNKLVLATGLRNS,A/Hong_Kong/6841/2010_(HK)
DQICIGYHANNSTEQVDTIMEKNVTVTHAQDILEKTHNGKLCDLDGVKPLILRDCSVAGWLLGNPMCDEFINVPEWSYIVEKANPANDLCYPGNFNDYEELKHLLSRINHFEKIQIIPKSSWSDHEASSGVSSACPYQGTPSFFRNVVWLIKKNNTYPTIKRSYNNTNQEDLLILWGIHHSNDAAEQTKLYQNPTTYVSVGTSTLNQRLVPKIATRSKVNGQSGRMDFFWTILKPNDAINFESNGNFIAPEYAYKIVKKGDSAIMKSEVEYGNCNTKCQTPIGAINSSMPFHNIHPLTIGECPKYVKSNKLVLATGLRNS,A/COMMON_MAGPIE/HK/645/06
DQICIGYHANNSTEQVDTIMEKNVTVTHAQDILEKTHNGKLCDLDGVKPLILRDCSVAGWLLGNPMCDEFLNVPEWSYIVEKINPANDLCYPGNFNDYEELKHLLSRINHFEKIQIIPKSSWSDHEASSGVSSACPYQGRSSFFRNVVWLIKKNNAYPTIKRSYNNTNQEDLLVLWGIHHPNDAAEQTRLYQNPTTYISVGTSTLNQRLVPKIATRSKVNGQSGRMEFFWTILKPNDAINFESNGNFIAPENAYKIVKKGDSTIMKSELEYGNCNTKCQTPIGAINSSMPFHNIHPLTIGECPKYVKSNRLVLATGLRNS,A/bh_goose/Qinghai/1A/2005
DQICIGYHANNSTEQVDTIMEKNVTVTHAQDILEKTHNGKLCDLDGVKPLILRDCSVAGWLLGNPMCDEFLNVPEWSYIVEKINPANDLCYPGNFNDYEELKHLLSRINHFEKIQIIPKSSWSDHEASSGVSSACPYQGRSSFFRNVVWLIKKNNAYPTIKRSYNNTNQEDLLVLWGIHHPNDAAEQTRLYQNPTTYISVGTSTLNQRLVPKIATRSKVNGQSGRMEFFWTILKPNDAINFESNGNFIAPENAYKIVKKGDSTIMKSELEYGNCNTKCQTPIGAINSSMPFHNIHPLTIGECPKYVKSNRLVLATGLRNS,A/BARHEADED_GOOSE/QINGHAI/1A/2005xPR8
DQICIGYHANNSTEQVDTIMEKNVTVTHAQDILEKTHNGKLCDLDGVKPLILRDCSVAGWLLGNPMCDEFINVPEWSYIVEKANPANDLCYPGNFNDYEELKHLLSRINHFEKIQIIPKSSWSDHEASSGVSSACPYQGTPSFFRNVVWLIKKNNTYPTIKRSYNNTNQEDLLILWGIHHSNDAAEQTKLYQNPTTYISVGTSTLNQRLVPKIATRSKVNGQSGRMDFFWTILKPNDAINFESNGNFIAPEYAYKIVKKGDSAIVKSEVEYGNCNTKCQTPIGAINSSMPFHNIHPLTIGECPKYVKSNKLVLATGLRNS,A/ANHUI/1/2005xPR8_IBCDC_RG-6
DQICIGYHANNSTEQVDTIMEKNVTVTHAQDILEKTHNGKLCDLDGVKPLILRDCSVAGWLLGNPMCDEFINVPEWSYIVEKANPANDLCYPGNFNDYEELKHLLSRINHFEKIQIIPKSSWSDHEASSGVSSACPYQGTPSFFRNVVWLIKKNNTYPTIKRSYNNTNQEDLLILWGIHHSNDAAEQTKLYQNPTTYISVGTSTLNQRLVPKIATRSKVNGQSGRMDFFWTILKPNDAINFESNGNFIAPEYAYKIVKKGDSAIMKSEVEYGNCNTKCQTPIGAINSSMPFHNIHPLTIGECPKYVKSKKLVLATGLRNN,A/CHICKEN/MALAYSIA/935/2006
DQICIGYHANNSTEQVDTIMEKNVTVTHAQDILEKTHNGKLCDLDGVKPLILRDCSVAGWLLGNPMCDEFINVPEWSYIVEKANPANDLCYPGNFNDYEELKHLLSRINHFEKIQIIPKSSWSDHEASSGVSSACPYQGTPSFFRNVVWLIKKNNKYPTIKRSYNNTNQEDLLILWGIHHSNDAAEQTKLYQNPTTYISVGTSTLNQRLVPKIATRSKVNGQSGRMDFFWTILKPNDAINFESNGNFIAPEYAYKIVKTGDSAIMKSEVEYGNCNTKCQTPIGAINSSMPFHNIHPLTIGECPKYVKSNKLVLATGLRNS,A/JAPANESE/WHITE_EYE/HK/1038/2006
DQICIGYHANNSTEQVDTIMEKNVTVTHAQDILEKTHNGKLCNLDGVKPLILRDCSVAGWLLGNPMCDEFLNVPEWSYIVEKINPANDLCYPGNFNDYEELKHLLSRINHFEKIQIIPKNSWSDHEAS-GVSSACPYQGRSSFFRNVVWLTKKNNAYPTIKKSYNNTNQEDLLVLWGIHHPNDAAEQTRLYQNPTTYISVGTSTLNQRLVPKIATRSKVNGQSGRMEFFWTILKSNDAINFESNGNFIAPENAYKIVKKGDSTIMKSELEYGNCNTKCQTPIGAINSSMPFHNIHPLTIGECPKYVKSNRLVLATGLRNS,A/Egypt/01050-NAMRU3/2013
DQICIGYHANNSTKQVDTIMEKNVTVTHAQDILEKTHNGKLCALDGIRPLILRDCSVAGWLLGNPMCDEFINVPEWSYIVEKANPVNDLCYPGVFNDYEELKHLLSRINHFEKIQIIPKSSWPSHEASLGVSAACPYQGKSSFFRNVVWLIKKNSTYPTIKRSYNNTNQEDLLVMWGIHHPNDAAEQTKLYQNPTTYISVGTSTLNQRLTPRIATRSKVNGQSGRMEFFWTILKPNDAINFESNGNFIAPEYAYKIVKKGDSTIMKSELEYGNCNTKCQTPMGAINSSMPFHNIHPLTIGECPKYVKSTRLVLATGLRNS,A/chicken/Viet_Nam/NCVD-775/2011
DQLCIGYHANNSTEQVDTIMEKNVTVTHAQDILERTHNGKLCDLDGVKPLILRDCSVAGWLLGNPMCDEFINVPEWSYIVEKANPANDLCYPGNLNDYEELKHLLSRINHFEKIQIIPKSSWTDHEASLGVSAACPYLGTPSFFRNVVWLIKKNNTYPTIKISYNNTNQEDLLILWGIHHSNDETEQIKLYQNPITYVSVGTSTLNQRLVPKIANRSKVNGQSGRMDFFWTILKPDDAINFESNGNFIAPEYAYKVVKKGDSAIMKSEVEYGHCNTKCQTPIGAINSSMPFHNIHPLTIGECPKYVKSNKLFLATGLRNS,A/Guizhou/1/2013_IDCDC-RG35
DQICIGYHANNSTEQVDTIMEKNVTVTHAQDILEKTHNGKLCDLDGVKPLILRDCSVAGWLLGNPMCDKFNDVPEWSYIVEKANPANDLCYPGNLNDYEELKHLLSRINHFEKIQTFPKSSWSDHEASLGVSAACPYQGMPSFFRNVVWLIKKNNTYPTIKSSYNNTNQEDLLILWGIHHSNDEAEQTRLYQNSNTYISVGTSTLNQRLVPKIATRSKVNGQSGRMDFFWTILKPNDAINFESNGNFIAPEYAYKIVKKGDSAIMKSEVGYGDCNTKCQTPIGAINSSMPFHNIHPLTIGECPKYVKSNKLVLATGLRNS,A/chicken/Hong_Kong/AP156/2008
DQICIGYHANNSTEQVDTIMEKNVTVTHAQDILEKTHNGKLCDLNGVKPLILKDCSVAGWLLGNPMCDEFIRVPEWSYIVERANPANDLCYPGNLNDYEELKHLLSRINHFEKILIIPKSSWTNHETSLGVSAACPYQGTPSFFRNVVWLIKKNDAYPTIKISYNNTNQEDLLILWGVHHSNNAAEQTNLYKNPTTYISVGTSTLNQRLVPKIATRSQVNGQRGRMDFFWTILKPNDAIHFESNGNFIAPEYAYKIVKKGDSTIMKSEMEYGHCNTKCQTPIGAINSSMPFHNIHPLTIGECPKYVKSNKLVLATGLRNS,A/Sichuan/26221/2014_IDCDC-RG42A
DHICIGYHANNSTEQVDTIMEKNVTVTHAQDILEKTHNGKLCDLNGVKPLILKDCSVAGWLLGNPLCDEFTNVPEWSYIVEKANPANDLCYPGNFNDYEELKHLLSRINHFEKIQIIPKDSWSDHEASLGVSAACSYQGNSSFFRNVVWLIKKDNAYPTIKKGYNNTNREDLLILWGIHHPNDEAEQTRLYQNPTTYISIGTSTLNQRLVPKIATRSKINGQSGRIDFFWTILKPNDAIHFESNGNFIAPEYAYKIVKKGDSTIMRSEVEYGNCNTRCQTPIGAINSSMPFHNIHPLTIGECPKYVKSNKLVLATGLRNS,A/duck/Viet_Nam/NCVD-1584/2012
DQICIGYHANNSTEQVDTIMEKNVTVTHAQDILEKTHNGKLCDLDGVKPLILRDCSVAGWLLGNPMCDEFINVPEWSYIVEKANPVNDLCYPGDFNDYEELKHLLSRINHFEKIQIIPKSSWSSHEASLGVSSACPYQGKSSFFRNVVWLIKKNSTYPTIKRSYNNTNQEDLLVLWGIHHPKDAAEQTKLYQNPTTYISVGTSTLNQRLVPRIATRSKVNGQSGRMEFFWTILKPNDAINFESNGNFIAPEYAYKIVKKGDSTIMKSELEYGNCNTKCQTPMGAINSSMPFHNIHPLTIGECPKYVKSNRLVLATGLRNS,A/Vietnam/1194/2004
DQICIGYHANNSTEQVDTIMEKNVTVTHAQDILEKTHNGKLCDLDGVKPLILRDCSVAGWLLGNPMCDEFINVPEWSYIVEKANPTNGLCYPGSFNDYEELKHLLSRINHFEKIQIIPKSSWSDHEASSGVSSACPYLGSPSFFRNVVWLIKKNSTYPTIKKSYNNTNQEDLLVLWGIHHPNDAAEQTRLYQNPTTYISIGTSTLNQRLVPKIATRSKVNGQSGRMEFFWTILNPNDAINFESNGNFIAPEYAYKIVKKGDSAIMKSELEYGNCNTKCQTPMGAINSSMPFHNIHPLTIGECPKYVKSNRLVLATGLRNS,A/INDONESIA/CDC357/06
DQICIGYHANNSTEQVDTIMEKNVTVTHAQDILEKTHNGKLCDLDGVKPLILRDCSVAGWLLGNPMCDEFLNVPEWSYIVEKINPANDLCYPGNFNDYEELKHLLSRINHFEKIQIIPKSSWSDHEASSGVSSACPYQGRSSFFRNVVWLIKKDNAYPTIKRSYNNTNQEDLLVLWGIHHPNDAAEQTRLYQNPTTYISVGTSTLNQRLVPKIATRSKVNGQSGRMEFFWTILKPNDAINFESNGNFIAPENAYKIVKKGDSTIMKSELEYGNCNTKCQTPIGAINSSMPFHNIHPLTIGECPKYVKSNRLVLATGLRNS,A/TURKEY/15/05
DQICIGYHANNSTEQVDTIMEKNVTVTHAQDILEKTHNGKLCDLDGVKPLILRDCSVAGWLLGNPMCDEFLNVPEWSYIVEKINPANDLCYPGNFNDYEELKHLLSRINHFEKIQIIPKSSWSDHEASSGVSSACPYQGRSSFFRNVVWLIKKDNAYPTIKRSYNNTNQEDLLVLWGIHHPNDAAEQTRLYQNPTTYISVGTSTLNQRLVPKIATRSKVNGQSGRMEFFWTILKPNDAINFESNGNFIAPENAYKIVKKGDSTIMKSELEYGNCNTKCQTPIGAINSSMPFHNIHPLTIGECPKYVKSNRLVLATGLRNS,A/w.swan/MG/244/05_RG
DQLCIGYHANNSTEQVDTIMEKNVTVTHAQDILERTHNGKLCDLDGVKPLILRDCSVAGWLLGNPMCDEFINVPEWSYIVEKANPANDLCYPGNLNDYEELKHLLSRINHFEKIQIIPKSSWTDHEASLGVSAACPYLGTPSFFRNVVWLIKKNNTYPTIKISYNNTNQEDLLILWGIHHSNDETEQIKLYQNPITYVSVGTSTLNQRLVPKIANRSKVNGQSGRMDFFWTILKPDDAINFESNGNFIAPEYAYKVVKKGDSAIMKSEVEYGHCNTKCQTPIGAINSSMPFHNIHPLTIGECPKYVKSNKLFLATGLRNS,A/Guizhou/1/2013_RG35_(H5N1)
DQICIGYHANNSTEQVDTIMEKNVTVTHAQDILEKTHNGKLCDLNGVKPLILKDCSVAGWLLGNPMCDEFIRVPEWSYIVERANPANDLCYPGNLNDYEELKHLLSRINHFEKILIIPKSSWTNHETSLGVSAACPYQGTPSFFRNVVWLIKKNDAYPTIKISYNNTNQEDLLILWGVHHSNNAAEQTNLYKNPTTYISVGTSTLNQRLVPKIATRSQVNGQRGRMDFFWTILKPNDAIHFESNGNFIAPEYAYKIVKKGDSTIMKSEMEYGHCNTKCQTPIGAINSSMPFHNIHPLTIGECPKYVKSNKLVLATGLRNS,A/Sichuan/26221/2014_RG42A_(H5N6)
DQICIGYHANNSTEQVDTIMEKNVTVTHAQDILEKTHNGKLCDLDGVKPLILRDCSVAGWLLGNPMCDEFTNVPEWSYIVEKANPANDLCYPGNFNDYEELKHLLSRINHFEKIQIIPKSSWSDHEASSGVSSACPYQGTPSFFRNVVWLIKKNNTYPTIKKSYNNTNQEDLLILWGIHHSNDAAEQTKLYQNPTTYISVGTSTLNQRLVPKIATRSKVNGQSGRMDFFWTILKPNDAINFESNGNFIAPEYAYKIVKKGDSAIMKSEVEYGNCNTKCQTPIGAINSSMPFHNIHPLTIGECPKYVKSNKLVLATGLRNS,A/goose/Guiyang/3375/2014_(H5N6)
DQICIGYHANNSTEQVDTIMEKNVTVTHAQDILEKTHNGRLCDLNGVKPLILKDCSVAGWLLGNPMCDEFIRVPEWSYIVERANPANDLCYPGNLNDYEELKHLLSRINHFEKTLIIPKSSWPNHETSLGVSAACPYQGMPSFFRNVVWLTKKNDAYPTIKMSYNNTNREDLLILWGIHHSNNAAEQTNLYKNPTTYVSVGTSTLNQRLVPKIATRSQVNGQRGRMDFFWTILKPNDAIHFESNGNFIAPEYAYKIVKKGDSTIMKSEMEYGHCNTKCQTPIGAINSSMPFHNIHPLTIGECPKYVKSNKLVLATGLRNS,A/silkie_chicken/Guangdong/2809/2013_(H5N6)
DHICIGYHANNSTEQVDTIMEKNVTVTHAQDILEKTHNGKLCDLNGVKPLILKDCSVAGWLLGNPLCDEFTNVPEWSYIVEKANPANDLCYPGNFNDYEELKHLLSRINHFEKIQIIPKDSWSDHEASLGVSAACSYQGNSSFFRNVVWLIKKDNAYPTIKKGYNNTNREDLLILWGIHHPNDEAEQTRLYQNPTTYISIGTSTLNQRLVPKIATRSKINGQSGRIDFFWTILKPNDAIHFESNGNFIAPEYAYKIVKKGDSTIMRSEVEYGNCNTRCQTPIGAINSSMPFHNIHPLTIGECPKYVKSNKLVLATGLRNS,A/duck/Viet_Nam/NCVD-1584/2012_(NIBRG-
DQICIGYHANNSTEQVDTIMEKNVTVTHAQDILEKTHNGKLCDLNGVKPLILKDCSVAGWLLGNPMCDEFIRVPEWSYIVERANPANDLCYPGSLNDYEELKHLLSRINHFEKILIIPKSSWPDHETSLGVSAACPYQGTPSFFRNVIWLIKKNDAYPTIKISYNNTNREDILILWGVHHSNNAAEQTNLYKNPTTYVSVGTSTLNQRLVPKIATRSQVNGQRGRMDFFWTILKPNDAIHFESNGNFIAPEYAYKIVKKGDSTIMKSEVEYGHCNTKCQTPVGAINSSMPFHNIHPLTIGECPKYVKSNKLVLATGLRNS,A/duck/Zhejiang/3758/2013_(H5N8)
DHICIGYHANNSTEQVDTIMEKNVTVTHAQDILEKTHNGKLCDLNGVKPLILKDCSVAGWLLGNPMCDEFTNVPEWSYIVEKANPANDLCYPGNFNDYEELKHLLSRINHFEKIQIIPKDSWSDHEASLGVSSACPYQGNSSFFRNVVWLIKKDNAYPTIKKSYNNTNREDLLVLWGIHHPNDEAEQTRLYQNPTTYISIGTSTLNQRLVPRIATRSKVNGQSGRIDFFWTILKPNDAINFESNGNFIAPEYAYKIVKKGDSTIMKSEVEYGNCNTRCQTPMGAINSSMPFHNIHPLTIGECPKYVKSNKLVLATGLRNS,A/muscovy_duck/Viet_Nam/1/2009_(H5N1)
DQICIGYHANNSTVQVDTIMEKNVTVTHAQDILEKTHNGKLCSLDGVKPLILRDCSVAGWLLGNPMCDEFINVPEWSYIVEKASPANDLCYPGDFNDYEELKHLLSRINHFEKIQIIPKSSWPNHEASLGVSSACPYLGESSFFRNVVWLIKKNSSYPTIKRSYNNTNQEDLLVLWGIHHPNDAAEQIKLYQNPNTYISVGTSTLNQRLVPTIATRSKVNGQSGRMEFFWTILKPNDAINFESNGNFIAPEYAYKIVKKGDSAIMKSELEYGNCNTKCQTPMGAINSSMPFHNIHPLTIGECPKYVKSNRLVLATGLRNT,A/Goose/Guiyang/337/2006
DHICIGYHANNSTKQVDTIMEKNVTVTHAQDILEKTHNGKLCDLNGVKPLILKDCSVAGWLLGNPMCDEFINVPEWSYIVEKANPANGLCYPGNFNDYEELKHLLSRINHFEKIRIIPKDSWSDHEASLGVSAACPYQGNSSFFRNVVWLIKKDNAYPTIKKSYNNTNQEDLLVLWGIHHPNDEAEQTRLYQNPTTYISIGTSTLNQRLVPKIATRSKINGQSGRIDFFWTILKPNDAIHFESNGNFIAPEYAYKIVKKGDSTIMKSEVEYGNCNTRCQTPIGALNSSMPFHNIHPLTIGECPKYVKSNKLVLATGLRNS,A/chicken/Bangladesh/15205/2012
DQICIGYHANNSTEQVDTIMEKNVTVTHAQDILEKTHNGKLCDLDGVKPLILRDCSVAGWLLGNPMCDEFINVPEWSYIVEKANPANGLCYPGNFNDYEELKHLLSRINHFEKIQIIPKSSWSDHEASLGVSSACPYQGSSSFFRNVVWLIKKNNAYPTIKRSYNNTNQEDLLVLWGIHHPNDEAEQTRLYQNPTTYVSIGTSTLNQRLVPKIATRSKVNGQSGRMDFFWTILKPNDAINFESNGNFIAPEYAYKIVKKGDSAIMKSEVEYGNCNTKCQTPMGAINSSMPFHNIHPLTIGECPKYVKSNKLVLATGLRNS,A/muscovy_duck/Viet_Nam/1455/2006
DQICIGYHANNSTEQVDTIMEKNVTVTHAQDILEKTHNGKLCDLDGVKPLILRDCSVAGWLLGNPMCDEFINVPEWSYIVEKANPANDLCYPGNLNEYEELKHLLSRINHFEKIQIIPKSSWSDHEASLGVSSACPYLGTPSFFRNVVWLIKKNNTYPTIKRSYNNTNQEDLLILWGIHHPNNEAEQIQLYQNPTTYISVGTSTLNQRLVPKIATRSKVNGQSGRMDFFWTILKPDDAINFESNGNFIAPEYAYKIVKKGDSAIMKSDVEYGNCNTKCQTPVGAINSSMPFHNIHHLTIGECPKYVKSNKLVLATGLRNS,A/ck/Bangladesh/11RS-1984-30/2011_IDCDC_RG36
DQLCIGYHANNSTEQVDTIMEKNVTVTHAQDILERTHNGKLCDLDGVKPLILRDCSVAGWLLGNPMCDEFINVPEWSYIVEKANPANDLCYPGNLNDYEELKHLLSRINHFEKIQIIPKSSWTDHEASLGVSAACPYLGTPSFFRNVVWLIKKNNTYPTIKISYNNTNQEDLLILWGIHHSNDETEQIKLYQNPITYVSVGTSTLNQRLVPKIANRSKVNGQSGRMDFFWTILKPDDAINFESNGNFIAPEYAYKVVKKGDSAIMKSEVEYGHCNTKCQTPIGAINSSMPFHNIHPLTIGECPKYVKSNKLFLATGLRNS,A/Guizhou/1/2013_IDCDC_RG35
DQICIGYHANNSTKQVDTIMEKNVTVTHAQDILEKTHNGKLCDLNGVKPLILKDCSVAGWLLGNPMCDEFIRVPEWSYIVERANPANDLCYPGTLNDYEELKHLLSRINHFEKTLIIPRSSWPNHETSLGVSAACPYQGASSFFRNVVWLIKKNDAYPTIKISYNNTNREDLLILWGIHHSNNAAEQTNLYKNPDTYVSVGTSTLNQRLVPKIATRSQVNGQSGRMDFFWTILKPNDAIHFESNGNFIAPEYAYKIVKKGDSTIMKSEMEYGHCNTKCQTPIGAINSSMPFHNIHPLTIGECPKYVKSNKLVLATGLRNS,A/gyrfalcon/Washington/41088-6/2014_(H5N8)
DQICIGYHANNSTEQVDTIMEKNVTVTHVQDILEKTHNGKLCNLDGVKPLILRDCSVAGWLLGNPMCDEFLNVPEWSYIVEKINPANDLCYPGNFNDYEELKHLLSRINHFEKIQIIPKDSWSDHEAS-GVSSACPYQGRSSFFRNVVWLTKKNNAYPTIKKSYNNTNQEDLLVLWGIHHPNDAADQTRLYQNPTTYISVGTSTLNQRLVPKIATRSKVNGQSGRMEFFWTILKSNDAINFESNGNFIAPENAYKIVKKGDSTIMKSELEYSNCNTKCQTPIGAINSSMPFHNIHPLTIGECPKYVKSNRLVLATGLRNS,A/Egypt/N00994/2011
DQICIGYHANNSTEQVDTIMEKNVTVTHAQDILEKTHNGKLCNLDGVKPLILRDCSVAGWLLGNPMCDEFLNVPEWSYIVEKINPANDLCYPGNFNDYEELKHLLSRINHFEKIQIIPKSSWSDHEAS-GVSSVCPYQGRSSFFRNVVWLTKKDNAYPTIKRSYNNTNQEDLLVLWGIHHPNDAAEQTRLYQNPTTYISVGTSTLNQRLVPKIATRSKVNGQSGRMEFFWTILKSNDAINFESNGNFIAPENAYKIVKKGDSTIMKSELEYGNCNTKCQTPIGAINSSMPFHNIHPLTIGECPKYVKSNRLVLATGLRNS,A/Egypt/N03072/2010_IDCDC_RG29
DQICIGYHANNSTEQVDTIMEKNVTVTHAQDILEKTHNGKLCDLDGVKPLILRDCSVAGWLLGNPMCDEFINVPEWSYIVEKANPVNDLCYPGDFNDYEELKHLLSRINHFEKIQIIPKSSWSSHEASLGVSSACPYQGKSSFFRNVVWLIKKNSTYPTIKRSYNNTNQEDLLVLWGIHHPKDAAEQTKLYQNPTTYISVGTSTLNQRLVPRIATRSKVNGQSGRMEFFWTILKPNDAINFESNGNFIAPEYAYKIVKKGDSTIMKSELEYGNCNTKCQTPMGAINSSMPFHNIHPLTIGECPKYVKSNRLVLATGLRNS,A/VIETNAM/1194/04
DQICIGYHANNSTKQVDTIMEKNVTVTHAQDILEKTHNGKLCDLNGVKPLILKDCSVAGWLLGNPMCDEFIRVPEWSYIVERANPANDLCYPGTLNDYEELKHLLSRINHFEKTLIIPRSSWPNHETSLGVSAACPYQGASSFFRNVVWLIKKNDAYPTIKISYNNTNREDLLILWGIHHSNNAAEQTNLYKNPDTYVSVGTSTLNQRLVPKIATRSQVNGQSGRMDFFWTILKPNDAIHFESNGNFIAPEYAYKIVKKGDSTIMKSEMEYGHCNTKCQTPIGAINSSMPFHNIHPLTIGECPKYVKSNKLVLATGLRNS,A/gyrfalcon/Washington/41088-6/2014_RG43A_(H5N8)
DQICIGYHANNSTEQVDTIMEKNVTVTHAQDILEKTHNGKLCDLDGVKPLILRDCSVAGWLLGNPMCDEFINVPEWSYIVEKANPANGLCYPGNFNDYEELKHLLSRINHFEKIQIIPKSSWSDHEASLGVSSACPYQGSSSFFRNVVWLIKKNNAYPTIKRSYNNTNQEDLLVLWGIHHPNDEAEQTRLYQNPTTYVSIGTSTLNQRLVPKIATRSKVNGQSGRMDFFWTILKPNDAINFESNGNFIAPEYAYKIVKKGDSAIMKSEVEYGNCNTKCQTPMGAINSSMPFHNIHPLTIGECPKYVKSNKLVLATGLRNS,A/muscovy_duck/Viet_Nam/1455/2006_(MD/VN)
DQICIGYHANNSTEQVDTIMEKNVTVTHAQDILEKTHNGRLCDLNGVKPLILKDCSVAGWLLGNPMCDEFIRVPEWSYIVERANPANDLCYPGNLNDYEELKHLLSRINHFEKTLIIPKSSWPNHETSLGVSAACPYQGMPSFFRNVVWLTKKNDAYPTIKMSYNNTNREDLLILWGIHHSNNAAEQTNLYKNPTTYVSVGTSTLNQRLVPKIATRSQVNGQRGRMDFFWTILKPNDAIHFESNGNFIAPEYAYKIVKKGDSTIMKSEMEYGHCNTKCQTPIGAINSSMPFHNIHPLTIGECPKYVKSNKLVLATGLRNS,A/chicken/Shenzhen/433/2013_(H5N6)
DQICIGYHANNSTEQVDTIMEKNVTVTHAQDILEKTHNGKLCDLDGVKPLILRDCSVAGWLLGNPMCDEFINVPEWSYIVEKANPANDLCYPGNFNDYEELKHLLSRINHFEKIQIIPKSSWSDHEASSGVSSACPYQGKSSFFRNVVWLIKKNSAYPTIKRSYNNTNQEDLLVLWGIHHPNDAAEQTRLYQNPTTYISVGTSTLNQRLVPKIATRSKVNGQSGRMEFFWTILKPNDAINFESNGNFIAPEYAYKIVKKGDSAIMKSELEYGNCNTKCQTPMGAINSSMPFHNIHPLTIGECPKYVKSNRLVLATGLRNS,A/duck/Hunan/795/2002_(DK/HU)
DQICIGYHANNSTEQVDTIMEKNVTVTHAQDILEKTHNGKLCDLDGVKPLILRDCSVAGWLLGNPMCDEFINVPEWSYIVEKANPANDLCYPGNFNDYEELKHLLSRINHFEKIQIIPKSSWSDHEASSGVSSACPYQGKSSFFRNVVWLIKKNSAYPTIKRSYNNTNQEDLLVLWGIHHPNDAAEQTRLYQNPTTYISVGTSTLNQRLVPKIATRSKVNGQSGRMEFFWTILKPNDAINFESNGNFIAPEYAYKIVKKGDSAIMKSELEYGNCNTKCQTPMGAINSSMPFHNIHPLTIGECPKYVKSNRLVLATGLRNS,A/duck/Hunan/795/2002_(DK/HU)(2)
DQICIGYHANNSTEQVDTIMEKNVTVTHAQDILEKTHNGKLCDLNGVKPLILKDCSVAGWLLGNPMCDEFIRVPEWSYIVERANPANDLCYPGNLNDYEELKHLLSRINHFEKILIIPKSSWTNHETSLGVSAACPYQGTPSFFRNVVWLIKKNDAYPTIKISYNNTNQEDLLILWGIHHSNNAAEQTNLYKNPTTYISVGTSTLNQRLVPKIATRSQVNGQRGRMDFFWTILKPNDAIHFESNGNFIAPEYAYKIVKKGDSTIMKSEVEYGHCNTKCQTPIGAINSSMPFHNIHPLTIGECPKYVKSNKLVLATGLRNS,A/chicken/Vietnam/NCVD-14-A324/2014_(H5N6)*
DQICIGYHANNSTEQVDTIMEKNVTVTHAQDILEKTHNGKLCNLDGVKPLILRDCSVAGWLLGNPMCDEFLNVPEWSYIVEKINPANDLCYPGNFNDYEELKHLLSRINHFEKIQIIPKDSWSDHEAS-GVSSACPYQGRPSFFRNVVWLTKKNDAYPTIKKSYNNTNQEDLLVLWGIHHPNDAAEQTRLYQNPTTYISVGTSTLNQRLVPRIATRSKVNGQSGRMEFFWTILKSNDAINFESNGNFIAPENAYKIVKKGDSTIMKSELEYSNCNTKCQTPIGAINSSMPFHNIHPLTIGECPKYVKSNRLVLATGLRNS,A/chicken/Egypt/Q7630D/2013
DQICIGYHANNSTKQVDTIMEKNVTVTHAQDILEKTHNGKLCDLDGVRPLILRDCSVAGWLLGNPMCDEFINVPEWSYIVEKANPINDLCYPGVFNDYEELKHLLSRINHFEKIQIIPKSSWPSHEASLGVSAACPYQGKSSFFRNVVWLIKKNSTYPTIKRSYNNTNQEDLLVMWGIHHPNDAAEQTKLYQNPTTYISVGTSTLNQRLTPRIATRSKVNGQSGRMEFFWTILKPNDAINFESNGNFIAPEYAYKIVKKGDSTIMRSELEYGNCNTKCQTPMGAINSSMPFHNIHPLTIGECPKYVKSTRLVLATGLRNS,A/Cambodia_/W0329318/2012
DQICIGYHANNSTEQVDTIMEKNVTVTHAQDILEKTHNGKLCDLDGVKPLILRDCSVAGWLLGNPMCDEFINVPEWSYIVEKANPANDLCYPGNFNDYEELKHLLSRINHFEKIQIIPKSSWSDHEASSGVSSACPYQGTPSFFRNVVWLIKKNNKYPTIKRSYNNTNQEDLLILWGIHHSNDAAEQTKLYQNPTTYISVGTSTLNQRLVPKIATRSKVNGQSGRMDFFWTILKPNDAINFESNGNFIAPEYAYKIVKTGDSAIMKSEVEYGNCNTKCQTPIGAINSSMPFHNIHPLTIGECPKYVKSNKLVLATGLRNS,A/Japanese_white_eye/Hong_Kong/1038/2006
DQICIGYHANNSTEQVDTIMEKNVTVTHAQDILEKTHNGKLCDLNGVKPLILKDCSVAGWLLGNPMCDEFIRVPEWSYIVERANPANDLCYPGSLNNYEELKHLLSRINHFEKILIIPKSSWPNHETSLGVSAACPYQGTPSFFRNVVWLIKKNDAYPTIKISYNNTNREDLLILWGIHHSNNAEEQTNLYKNPTTYISVGTSTLNQRLVPKIATRSQVNGQRGRMDFFWTILKPNDAIHFESNGNFIAPEYAYKIVKKGDSTIMKSGVEYGHCNTKCQTPVGAINSSMPFHNIHPLTIGECPKYVKSNKLVLATGLRNS,A/tf.dk/Denmark/11740-1wp1/2016
DHICIGYHANNSTEQVDTIMEKNVTVTHAQDILEKTHNGKLCDLNGVKPLILKDCSVAGWLLGNPLCDEFTNVPEWSYIVEKANPANDLCYPGNFNDYEELKHLLSRINHFEKIQIIPKDSWSDHEASLGVSAACSYQGNSSFFRNVVWLIKKDNAYPTIKKGYNNTNREDLLILWGIHHPNDEAEQTRLYQNPTTYISIGTSTLNQRLVPKIATRSKINGQSGRIDFFWTILKPNDAIHFESNGNFIAPEYAYKIVKKGDSTIMRSEVEYGNCNTRCQTPIGAINSSMPFHNIHPLTIGECPKYVKSNKLVLATGLRNS,A/duck/Viet_Nam/NCVD-1584/2012_(HK)
DQICIGYHANNSTEQVDTIMEKNVTVTHAQDILEKTHNGKLCDLDGVKPLILRDCSVAGWLLGNPMCDEFINVPEWSYIVEKANPANDLCYPGNFNDYEELKHLLSRINHFEKIQIIPKSSWSDHEASSGVSSACPYQGTPSFFRNVVWLIKKNNKYPTIKRSYNNTNQEDLLILWGIHHSNDAAEQTKLYQNPTTYISVGTSTLNQRLVPKIATRSKVNGQSGRMDFFWTILKPNDAINFESNGNFIAPEYAYKIVKTGDSAIMKSEVEYGNCNTKCQTPIGAINSSMPFHNIHPLTIGECPKYVKSNKLVLATGLRNS,A/Jap_white_eye/Hong_Kong/1038/06


